index,title,href,body,date
0,Ganjar Blak-blakan soal Dana Baznas buat Kader PDIP - Twitter,https://twitter.com/CNNIndonesia/status/1609339713298771968,Ganjar Blak-blakan soal Dana Baznas buat Kader PDIP. 01 Jan 2023 00:04:22,1/1/2023
1,"Relawan Ganjar JBI🏋🏻‍♀️ on Twitter: ""Ganjar pemimpin dengan sosok ...",https://twitter.com/ganjar_jbi/status/1609444414065348609,"""Ganjar pemimpin dengan sosok merakyat! #ganjarpranowo #ganjar_pranowo #ganjarkita #ganjaruntukindonesia #sahabatganjar #relawanganjar #GanjarPilihanJokowi #ganjarpranowofor2024 #GanjarPilihanRakyat #GanjarHebat #GanjarAmanah #GanjarBertanggungjawab""",1/1/2023
2,Relawan Ganjar JBI🏋🏻‍♀️ on Twitter,https://twitter.com/ganjar_jbi/status/1609444430062424064,"""Nelayan pesisir ibu kota dukung Ganjar presiden 2024 #ganjarpranowo #ganjar_pranowo #ganjarkita #ganjaruntukindonesia #sahabatganjar #relawanganjar #GanjarPilihanJokowi #ganjarpranowofor2024 #GanjarPilihanRakyat #GanjarHebat #GanjarAmanah #GanjarBertanggungjawab""",1/1/2023
3,"🇮🇩🇲🇨 MARQUEZ 🇲🇨🇲🇨 on Twitter: ""Ketum PDIP Megawati Soekarno Putri Akan ...",https://twitter.com/MARQUEZ__93/status/1609399705703960581,"Ketum PDIP Megawati Soekarno Putri Akan Mengumumkan Capres PDIP Tak Jauh dari tgl 10 Januari 2023, Mengerucut ke 2 Nama yaitu GANJAR PRANOWO & PUAN MAHARANI, Yang Dukung GANJAR PRANOWO Like, Retweet dan Komen. Gue Pribadi sampai Dunia Runtuh tetap Dukung GANJAR RI 1 2024 🤲🇮🇩🇮🇩.",1/1/2023
4,Relawan Ganjar JBI🏋🏻‍♀️ on Twitter,https://twitter.com/ganjar_jbi/status/1609444407249629187,"""Ganjar berhasil turunkan kemiskinan ekstrem di 5 daerah #ganjarpranowo #ganjar_pranowo #ganjarkita #ganjaruntukindonesia #sahabatganjar #relawanganjar #GanjarPilihanJokowi #ganjarpranowofor2024 #GanjarPilihanRakyat #GanjarHebat #GanjarAmanah #GanjarBertanggungjawab""",1/1/2023
5,"Guntur Setiya Aji on Twitter: ""Seorang pemimpin itu hrs kreatif dlm ...",https://twitter.com/guntur_setiyaji/status/1609362107568656384,"""Seorang pemimpin itu hrs kreatif dlm mencari solusi bukan seenak jidatnya sendiri?apa anda ga malu Mas Ganjar??apa lg anda akan menyakinkan diri jd Presiden tapi tindakan anda ini bukan mencerminkan seorang pemimpin tapi,Ya saya bisa melihat kapasitas anda dalam mencari solusi!!""",1/1/2023
6,"Relawan Ganjar JBI🏋🏻‍♀️ on Twitter: ""Ganjar sosok pemimpin penuh ...",https://twitter.com/ganjar_jbi/status/1609792895107715072,"Ganjar sosok pemimpin penuh inovasi dan merakyat #ganjarpranowo #ganjar_pranowo #ganjarkita #ganjaruntukindonesia #sahabatganjar #relawanganjar #GanjarPilihanJokowi #ganjarpranowofor2024 #GanjarPilihanRakyat #GanjarHebat #GanjarAmanah #GanjarBertanggungjawab. Translate Tweet. 6:05 AM · Jan 2, 2023. 3.",1/2/2023
7,Fans Pak Ganjar Pranowo #ganjarpranowofor2024 on Twitter,https://twitter.com/FansPakGanjar/status/1609810399528128514,"""@ganjar_jbi Pak Ganjar layak jadi pemimpin #ganjarpranowo #ganjar_pranowo #ganjarkita #ganjaruntukindonesia #sahabatganjar #relawanganjar #GanjarPilihanJokowi #ganjarpranowofor2024 #GanjarPilihanRakyat #GanjarHebat #GanjarAmanah #GanjarBertanggungjawab""",1/2/2023
8,"Ganjaran app on Twitter: ""Ganjar Pranowo adalah seorang pemimpin yang ...",https://twitter.com/GanjaranApp/status/1609716101570494465,"""Ganjar Pranowo adalah seorang pemimpin yang sangat visioner. Karena mampu memanfaatkan efektivitas teknologi yang berkembang dengan tepat guna untuk menjalankan tugas-tugasnya sebagai seorang gubernur. #GanjarSiap #GanjaranApp #GanjarKita #capres2024 #GanjarPranowo""",1/2/2023
9,Ketua Baznas Jateng soal Gaduh Bantuan: Pembunuhan Karakter Ganjar,https://twitter.com/CNNIndonesia/status/1609749942578614273,Ketua Baznas Jateng soal Gaduh Bantuan: Pembunuhan Karakter Ganjar. 02 Jan 2023 03:14:28. Ketua Baznas Jateng soal Gaduh Bantuan: Pembunuhan Karakter Ganjar. 02 Jan 2023 03:14:28 ...,1/2/2023
10,"Sahabat Ganjar Jawa Timur Official on Twitter: ""Dukungan dari santri ...",https://twitter.com/SAGA_Jatim/status/1609792808826851333,Dukungan dari santri Jombang buat Pak Ganjar dengan Doa bersama #ganjarpranowo #ganjar_pranowo #ganjarkita #ganjaruntukindonesia #sahabatganjar #relawanganjar #GanjarPilihanJokowi #ganjarpranowofor2024 #GanjarPilihanRakyat #GanjarHebat #GanjarAmanah #GanjarBertanggungjawab . 02 Jan 2023 06:04:48,1/2/2023
11,Narasi Ganjar's Tweets - Twitter,https://twitter.com/NarasiGanjar,Pemimpin yang Cinta Rakyat #GerakanMERAHPUTIH 🇮🇩 ️🇮🇩,1/2/2023
12,Sahabat Ganjar Magelang 🇮🇩 on Twitter,https://twitter.com/saga_magelang/status/1609720026810159105,"""Pemimpin BERPRESTASI Saatnya Pak @ganjarpranowo 🇮🇩 terbang lebih tinggi, saatnya Beliau menjadi RI 1 meneruskan estafet kepemimpinan Presiden @jokowi 🇮🇩 . Saatnya Beliau, membawa INDONESIA terbang semakin tinggi dengan penuh prestasi. #capres2024 #ganjarpresiden2024""",1/2/2023
13,"Ali Syarief on Twitter: ""Indikator Politik : Elektabilitas Ganjar dan ...",https://twitter.com/alisyarief/status/1610579288851365890,"""Indikator Politik : Elektabilitas Ganjar dan Prabowo Naik, Anies Turun. https://t.co/GgFOH8i3GT""",1/4/2023
14,"Sahabat Ganjar Jawa Timur Official on Twitter: ""Ganjar langsung turun ...",https://twitter.com/SAGA_Jatim/status/1610518954686152705,"Ganjar langsung turun ke lokasi banjir, bentuk tanggung jawab kepada rakyat #ganjarpranowo #ganjar_pranowo #ganjarkita #ganjaruntukindonesia #sahabatganjar #relawanganjar #GanjarPilihanJokowi #ganjarpranowofor2024 #GanjarPilihanRakyat #GanjarHebat #GanjarAmanah . 04 Jan 2023 06:10:15",1/4/2023
15,"tempo.co on Twitter: ""Membedah Survei Capres dan Elektabilitas Jadi ...",https://twitter.com/tempodotco/status/1610658575139106816,Membedah Survei Capres dan Elektabilitas Jadi Rujukan Pilpres 2024? Pengamat Politik Unpad Bilang Begini https://nasional.tempo.co/read/1675849/membedah-survei-capres ...,1/4/2023
16,"gw emang kadrun on Twitter: ""Ya Jls Lbh baik Yg Tdk Hbi Tnton Bok..Lah ...",https://twitter.com/Sis89370263/status/1610448505973407745,"Tidak Baik Jadi Pemimpin, Buktinya Jateng Sj Predikat Prop Terkismin. Sama-sama Gubernur, Anies Baswedan VS Ganjar Pranowo Siapa yang Paling Baik Kualitas Kerjanya? 04 Jan 2023 01:30:19",1/4/2023
17,"BersamaGanjar on Twitter: ""Pak Ganjar pantas jadi pemimpin 2024 # ...",https://twitter.com/bersama_ganjar/status/1610863835119853569,Pak Ganjar pantas jadi pemimpin 2024 #ganjarpranowo #ganjar_pranowo #ganjarkita #ganjaruntukindonesia #sahabatganjar #relawanganjar #capres2024 #ganjarpranowofor2024 #GanjarPilihanRakyat #GanjarHebat #GanjarAmanah #GanjarBertanggungjawab #GanjarPilihanJokowi .,1/5/2023
18,"MichelAdam5l5 on Twitter: ""BAGAIMANA SOP PERLISTRIKAN ketika terjadi ...",https://twitter.com/MichelAdam5l5/status/1610806040903450624,"BAGAIMANA SOP PERLISTRIKAN ketika terjadi banjir besar, Pak Banjir Pranowo? Pencegahannya bagaimana? Antisipasinya gimana? Sudah 3 meninggal karena kesetrum saat banjir. Ganjar tak paham urusan kemanusiaan. Ganjar tak layak jadi pemimpin #JokowiSudahGagal #JokowiSudahGagal . 05 Jan 2023 01:11:02",1/5/2023
19,"Rani soraya on Twitter: ""KAMPANYE BERBUSA-BUSA SANA SINI, ELEKTABILITAS ...",https://twitter.com/Ranisor/status/1611131918325809152,"kampanye berbusa-busa sana sini, elektabilitas anies malah jatuh - ganjar dan prabowo naik. translate tweet. 2:19. 197 views. 10:45 pm · jan 5, ...",1/5/2023
20,Ganjar Pranowo on Twitter,https://twitter.com/ganjarpranowo/status/1611551434163781635,"""Alhamdulillah diberi kesempatan menziarahi guru bangsa, tauladan kita semua KH. Maimoen Zubair di pemakaman Ma'la Makkatul Mukarromah. Di sini pula dimakamkan kakek, ibunda, istri, putra dan para sahabat Rasullullah.""",1/7/2023
21,PDIP Kemungkinan Gelar Survei Khusus Soal Usulan Mega Capres 2024 - Twitter,https://twitter.com/CNNIndonesia/status/1612089691645579264,PDIP Kemungkinan Gelar Survei Khusus Soal Usulan Mega Capres 2024. 08 Jan 2023 14:11:48 PDIP Kemungkinan Gelar Survei Khusus Soal Usulan Mega Capres 2024 ... PDIP Kemungkinan Gelar Survei Khusus Soal Usulan Mega Capres 2024. 08 Jan 2023 14:11:48 ...,1/8/2023
22,"ceriaselalu😍🇮🇩 on Twitter: ""Indeks kebahagiaan tdk hanya tergantung ...",https://twitter.com/siticeriaselalu/status/1611902379179528192,"Indeks kebahagiaan tdk hanya tergantung pendapatan per kapita tetapi sentuhan hangat Pemimpin nya beserta seluruh upaya sang Gubernur memakmurkan warga nya Aplgi GANJAR PRANOWO selalu menemui mereka, baik ketika bencana maupun menyerahkn bantuan RTLH demi menekn angka kemiskinan . 08 Jan 2023 01:47:29",1/8/2023
23,"Relawan Ganjar JBI🏋🏻‍♀️ on Twitter: ""Ganjar sosok pemimpin yang dekat ...",https://twitter.com/ganjar_jbi/status/1612329637929009153,"""Ganjar sosok pemimpin yang dekat dengan rakyat #ganjarpranowo #ganjar_pranowo #ganjarkita #ganjaruntukindonesia #sahabatganjar #relawanganjar #GanjarPilihanJokowi #ganjarpranowofor2024 #GanjarPilihanRakyat #GanjarHebat #GanjarAmanah #GanjarBertanggungjawab""",1/9/2023
24,"SERUAN H7 on Twitter: ""Kalau bicara tentang prestasi maka Ganjar ...",https://twitter.com/seruanhl/status/1612264185555214336,"Kalau bicara tentang prestasi maka Ganjar Pranowo dan Erick Thohir adalah dua sosok pemimpin yang memiliki segudang prestasi. Karenanya, pasangan Ganjar - Erick dinilai sebagai pasangan yang cocok untuk maju di Pilpres 2024. Cc. @erickthohir #BangkitBersamaET . 09 Jan 2023 01:45:10",1/9/2023
25,"Zackary Heffner on Twitter: ""pemimpin idaman pak ganjar #ganjarpranowo ...",https://twitter.com/wisacopt/status/1612344100136824833,"""pemimpin idaman pak ganjar #ganjarpranowo #ganjar_pranowo #ganjarkita #ganjaruntukindonesia #sahabatganjar #relawanganjar #GanjarPilihanJokowi #ganjarpranowofor2024 #GanjarPilihanRakyat #GanjarHebat #GanjarAmanah #GanjarBertanggungjawab""",1/9/2023
26,"Insyani on Twitter: ""Ganjar pemimpin yang peduli dengan rakyat # ...",https://twitter.com/Ins_T4nce/status/1612381323540434944,Ganjar pemimpin yang peduli dengan rakyat #ganjarpranowo #ganjar_pranowo #ganjarkita #ganjaruntukindonesia #sahabatganjar #relawanganjar #GanjarPilihanJokowi #ganjarpranowofor2024 #GanjarPilihanRakyat #GanjarHebat #GanjarAmanah #GanjarBertanggungjawab . 09 Jan 2023 09:30:38,1/9/2023
27,"Relawan Ganjar JBI🏋🏻‍♀️ on Twitter: ""Ganjar sosok pemimpin yang dekat ...",https://twitter.com/ganjar_jbi/status/1612691999244656640,Ganjar sosok pemimpin yang dekat dengan rakyat #ganjarpranowo #ganjar_pranowo #ganjarkita #ganjaruntukindonesia #sahabatganjar #relawanganjar #GanjarPilihanJokowi #ganjarpranowofor2024 #GanjarPilihanRakyat #GanjarHebat #GanjarAmanah #GanjarBertanggungjawab . 10 Jan 2023 06:05:09,1/10/2023
28,"Primus on Twitter: ""Mantap ! Dukung Ganjar maju Pilpres 2024 # ...",https://twitter.com/primusanggarata/status/1612676495297908736,Maju terus pak ganjar pranowo untuk pilpres 2024. Leonardo Kikil @KikilLeonardo · Jan 10. Replying to . @primusanggarata. Pak ganjar pranowo untuk kemajuan bangsa Indonesia menjadi lebih baik. PusatKotaMedan ... Pak Ganjar masih favorit masyarakat capres 2024! Hamba Maba,1/10/2023
29,Ganjar Pranowo on Twitter,https://twitter.com/ganjarpranowo/status/1612703616275709952,"Ganjar Pranowo. @ganjarpranowo. Pemikiran, perkataan dan perbuatan yang menyatu dengan rakyat itulah perjuangan yang kita lalui. 50 tahun sudah ... Persatuan dengan Jiwa Gotong Royong dan Semangat Api Perjuangan nan Tak Kunjung Padam demi Persatuan Indonesia untuk Indonesia Raya! Merdeka! 16. 20. 140. RofX ... Terima kasih PDIP, Terima kasih ...",1/10/2023
30,"Jara_Mbojo on Twitter: ""Dimata saya__Pak Ganjar ini tdk punya Track ...",https://twitter.com/umaralims/status/1612621510518407169,"Dimata saya__Pak Ganjar ini tdk punya Track Record kepemimpinan scr nasional, aplg internasional. Utk mengukur kualitas kecerdasan pemimpin adalah track record. Lalu, ada apa dan knp sosok Ganjar yg disodorkan di pilpres 2024.",1/10/2023
31,"FARIZ BASTIAN ARDHANI on Twitter: ""Menurut Analisis Gue GANJAR gak ...",https://twitter.com/ArdhaniFariz/status/1612888821225648128,"Menurut Analisis Gue GANJAR gak Punye TRACK RECORD Kepemimpinan Secara NASIONAL & INTERNASIONAL GANJAR NOL PRESTASI,Padahal utk MENGUKUR KECERDASAN Pemimpin TRACK RECORD & PRESTASINYA Tapi kenapa PILPRES 2024 sama OLIGARKI yg disodorkan GANJAR Bro? Ada apa dgn GANJAR Bro?🤣😁🤣😁 . 10 Jan 2023 19:07:15",1/10/2023
32,"Pengarang Puisi™ on Twitter: ""Kalo menurut gue, loe yg kepedean soal ...",https://twitter.com/pengarang_sajak/status/1612838461635178496,"Kalo menurut gue, loe yg kepedean soal rambut putih pasti Ganjar.. 1. Pak Bas.. 2. Mas Budiman.. 3. Mas Pramono Anum kl ga di cat.. 4. Aria Bima.. Dll dll.. Yg di luar PDIP masih banyak.. Jokowi bilang ciri2 pemimpin yg mikirin rakyat ada yg rambutnya smp putih, berkerut.. 10 Jan 2023 15:47:09",1/10/2023
33,"Jatim Dukung Ganjar🇮🇩💞 on Twitter: ""Makin kesini makin jelas siapa itu ...",https://twitter.com/JatimDkgGanjar/status/1612792122943635457,Makin kesini makin jelas siapa itu tokoh partai yg DISUKAI akar rumput Tinggal elite partai yg legowo dan bs lapangdada menerima permintaan rakyat Rakyatlah yg merasakan sentuhan pemimpin #GANTARI🇮🇩 . 10 Jan 2023 12:43:00,1/10/2023
34,"CNN Indonesia on Twitter: ""Pidato Mega di HUT PDIP: Sinyal Dukung Puan ...",https://twitter.com/CNNIndonesia/status/1612998957617270784,"Pidato Mega di HUT PDIP: Sinyal Dukung Puan, Peringatan untuk Ganjar. Translate Tweet. cnnindonesia.com. ... Pidato Megawati pada HUT PDIP ke-50 dinilai sebagai sinyal akan mengusung Puan pada Pilpres 2024, sekaligus peringatan bagi Ganjar yang bermanuver politik. 2:24 AM · Jan 11, 2023. 26.7K. Views. 14. Retweets. 2. Quote Tweets. 43. Likes ...",1/11/2023
35,"DPP PSI on Twitter: ""Dukungan untuk Mas Ganjar Pranowo merupakan ...",https://twitter.com/psi_id/status/1612999733307641856,"Dukungan untuk Mas Ganjar Pranowo merupakan pengakuan dari PSI bahwa senior kami, PDIP, telah menghasilkan para pemimpin hebat. Translate Tweet. 1:54. 230.9K views. 2:27 AM · Jan 11, 2023. 853.5K. Views. 449. ... Bingung..cara konsolidasi dan komunikasi anggota partai dalam nentukan capres gimana hingga jadi gini wkkw. 1. 1.",1/11/2023
36,PDIP Terima Maaf PSI yang Mengaku Naif Usung Ganjar Capres 2024 - Twitter,https://twitter.com/CNNIndonesia/status/1613076877232734208,PDIP Terima Maaf PSI yang Mengaku Naif Usung Ganjar Capres 2024. 11 Jan 2023 07:34:31,1/11/2023
37,"Lambe Waras on Twitter: ""Geger! Nama dan Ciri2 Ganjar Sama Sekali Tidak ...",https://twitter.com/abu_waras/status/1613040977278832641,"Nama dan Ciri2 Ganjar Sama Sekali Tidak Disebut Megawati di HUT PDIP, dan Tidak Diistimewakan, Bukti Bahwa Mega Sama Sekali Tidak Memperhitungkan Ganjar. Lalu Siapa Capres PDIP Sebenarnya? Translate Tweet. 5:11 AM · Jan 11, 2023. 306.7K. Views. 295. Retweets. 35. Quote Tweets. 1,907. Likes. Sempol",1/11/2023
38,"CNN Indonesia on Twitter: ""PSI Minta Maaf ke Megawati Usung Ganjar ...",https://twitter.com/CNNIndonesia/status/1612993659431186433,PSI Minta Maaf ke Megawati Usung Ganjar Capres: Kami Awam dan Naif. 11 Jan 2023 02:03:51,1/11/2023
39,"muchlis a rofik on Twitter: ""Efek pencalonan Jokowi pada PDIP.. Jelang ...",https://twitter.com/muchlis_ar/status/1612999856708268034,"Efek pencalonan Jokowi pada PDIP.. Jelang Pilpres 2014, pencalonan Jokowi menambah elektabilitas PDIP 18%. Jika Jokowi tidak dicalonkan, elektabilitas PDIP turun 6,5%. Di Pilpres 2019, Jokowi mengerek elektabilitas PDIP 12%. #KASIHANJokowi. 11 Jan 2023 02:28:28",1/11/2023
40,"Budiyanto EP on Twitter: ""RT @abu_waras: Saya atas nama Pribadi, Sangat ...",https://twitter.com/BudiyantoEp/status/1613123786118950918,"RT @abu_waras: Saya atas nama Pribadi, Sangat Mendukung Ibu Mega Sebagai Capres 2024, Sebab Ciri-ciri Seorang Pemimpin ada pada beliau. Semoga Kader-Kader dan Fungsionaris PDIP Bersepakat untuk memilih dan menetapkan Ibu Megawati Soekarno Puteri sebagai Capres 2024. 11 Jan 2023 10:40:55",1/11/2023
41,"Lambe Waras on Twitter: ""Saya atas nama Pribadi, Sangat Mendukung Ibu ...",https://twitter.com/abu_waras/status/1613109236111638528,"Saya atas nama Pribadi, Sangat Mendukung Ibu Mega Sebagai Capres 2024, Sebab Ciri-ciri Seorang Pemimpin ada pada beliau. Semoga Kader-Kader dan Fungsionaris PDIP Bersepakat untuk memilih dan menetapkan Ibu Megawati Soekarno Puteri sebagai Capres 2024. 11 Jan 2023 09:43:06",1/11/2023
42,Dwi Virgina (@dwi_virgina) / Twitter,https://twitter.com/dwi_virgina,🇮🇩🇮🇩🇮🇩🇮🇩🇮🇩🇮🇩🇮🇩🇮🇩🇮🇩🇮🇩 🇮🇩 Indonesia Raya 🇮🇩 🇮🇩🇮🇩🇮🇩🇮🇩🇮🇩🇮🇩 ...,1/11/2023
43,"Pengarang Puisi™ on Twitter: ""Ga ada masalah Ganjar dijagokan.. Yang ...",https://twitter.com/pengarang_sajak/status/1613122643523436544,Ga ada masalah Ganjar dijagokan.. Yang masalah itu dikatakan mirip Jokowi tapi ga bs menjabarkan.. Miripnya dimana..? Buat gue jauh.. Jokowi berani push Freeport.. Ganjar..? Bebasin tambang illegal dulu deh secepatnya buat masyarkat.. Kan cari pemimpin harus logis.. 11 Jan 2023 10:36:23,1/11/2023
44,"KITA Dukung Pakde Jokowi sampai 2024💪 on Twitter: ""Bu Mega, Pak ...",https://twitter.com/Sherin_Tiara/status/1613125725036638209,"Bu Mega, Pak @ganjarpranowo sdh ngelakuin itu smua sblm Bu Mega bahas ini, krna memang benar sprti yg Ibu Mega katakan, Pemimpin yg baik hrs terjun ke lapangan Langsung, menginap di desa agar tahu permasalahan detail setiap desa/ akar rumput apa saja. Pak Ganjar Joss👍 #GANTARI🇲🇨 . 11 Jan 2023 10:48:37",1/11/2023
45,"portal informasi 2 on Twitter: ""Ini baru namanya pemimpin sejati! dia ...",https://twitter.com/2_informasi/status/1613392438961516544,"Ini baru namanya pemimpin sejati! dia akan tetap memperhatikan kesejahteraan rakyatnya, di manapun mereka berada! Pak Ganjar untuk Indonesia !! 🔥🔥 Blacklist | Riska | PDIP | #BABYMONSTER_HARAM | Lawan 10 | WELCOME BABYMONSTER HARAM | Nabrak | #anisd | Biawak | Deglo . 12 Jan 2023 04:28:27",1/12/2023
46,Dwi Virgina (@dwi_virgina) / Twitter,https://twitter.com/dwi_virgina,🇮🇩🇮🇩🇮🇩🇮🇩🇮🇩🇮🇩🇮🇩🇮🇩🇮🇩🇮🇩 🇮🇩 Indonesia Raya 🇮🇩 🇮🇩🇮🇩🇮🇩🇮🇩🇮🇩🇮🇩 ...,1/12/2023
47,"on Twitter: ""Ganjar sudah kerahkan pendukungnya buat serang Megawati ...",https://twitter.com/ekowboy2/status/1613523948251279360,"Ganjar sudah kerahkan pendukungnya buat serang Megawati & PDIP.. Minim prestasi, gagal atasi kemiskinan & banjir.. emang gak layak dicapreskan, siap2 kecewa ya zer!! Translate Tweet. 1:17. 42.3K views. 1:11 PM · Jan 12, 2023 ... Ganjar sudah kerahkan pendukungnya buat serang Megawati & PDIP.. Minim prestasi, gagal atasi kemiskinan & banjir ...",1/12/2023
48,"Dari kemarin, mikir kenapa wajah Ganjar lesu dalam acara HUT PDIP ...",https://twitter.com/hipohan/status/1613667637896314880,"Dari kemarin, mikir kenapa wajah Ganjar lesu dalam acara HUT PDIP, tadinya saya kira karena Mega tidak 1x pun sebut namanya meski orasi 2 jam, eh ternyata krn tidak dapat nasi 😴 Translate Tweet 10:42 PM · Jan 12, 2023",1/12/2023
49,"on Twitter: ""Perang terbuka Mega VS Ganjar.. Jelas sekali siapa yg ...",https://twitter.com/ekowboy2/status/1613400109680857090,"Perang terbuka Mega VS Ganjar.. Jelas sekali siapa yg dimaksud dalam pidato ketum PDIP tapi GP melawan seolah dapat dukungan kader, jangan dipisah gaes!! Translate Tweet. 0:25. 9.7K views. 0:25. 2.8K views. 4:58 AM · Jan 12, 2023. 17.9K. ... Puan cocok capres dr pdip. 1. 1. 2. Fredy Gunawan",1/12/2023
50,"Pace Julvri on Twitter: ""Ganjar seorang pemimpin visioner # ...",https://twitter.com/PJulvri/status/1613805539745763328,Ganjar seorang pemimpin visioner #ganjarpranowo #ganjar_pranowo #ganjarkita #ganjaruntukindonesia #sahabatganjar #relawanganjar #GanjarPilihanJokowi #ganjarpranowofor2024 #GanjarPilihanRakyat #GanjarHebat #GanjarAmanah #GanjarBertanggungjawab . 13 Jan 2023 07:49:58,1/13/2023
51,"SAGA Jatim on Twitter: ""Ini baru pemimpin, sangat peduli dengan ...",https://twitter.com/SAGA__Jatim/status/1613785647277576192,"Ini baru pemimpin, sangat peduli dengan rakyatnya yang butuh bantuan #ganjarpranowo #ganjar_pranowo #ganjarkita #ganjaruntukindonesia #sahabatganjar #relawanganjar #GanjarPilihanJokowi #ganjarpranowofor2024 #GanjarPilihanRakyat #GanjarHebat #GanjarAmanah #GanjarBertanggungjawab . 13 Jan 2023 06:30:55",1/13/2023
52,Ganjar Respons Megawati Beri Sinyal Dukung Puan Capres ... - Twitter,https://twitter.com/CNNIndonesia/status/1613751506045636610,Ganjar Respons Megawati Beri Sinyal Dukung Puan Capres: Otoritas Ketum. 13 Jan 2023 04:15:15,1/13/2023
53,Seluruh Papua dan Papua barat. Ingat PDIP adalah yg banyak ...,https://twitter.com/papuamuslim95/status/1614036921222844416,"""Seluruh Papua dan Papua barat. Ingat PDIP adalah yg banyak mengintimidasi rakyat Papua. Memiskinorg Papua bahkan membunuh para pemimpin dan rakyat Papua. Makanya,satukan bahasa kita boikot PDIP agar Indonesia aman dan damai.""",1/13/2023
54,"Ganjar Bersama Indonesia on Twitter: ""Ganjar Pranowo mendapat angka ...",https://twitter.com/gpbersamaind0/status/1614060120685817856,"""Ganjar Pranowo mendapat angka elektabilitas tertinggi untuk Pilpres 2024 di kalangan masyarakat Kota Surabaya. #AllegriOut #MalaysiaOpen2023 #생일축하해김카이 Di Maria Donny Liga 2 Miss Universe Live Chat Mega Napoli""",1/14/2023
55,"Puan Sebut Tak Masalah Dirinya Tidak Jadi Capres, Pengamat ... - Twitter",https://twitter.com/democrazymedia/status/1614544290180366338,"Puan Sebut Tak Masalah Dirinya Tidak Jadi Capres, Pengamat: Sedang Merendah untuk Naikkan Elektabilitas. 15 Jan 2023 08:45:30",1/15/2023
56,"Indah Begitu Indah on Twitter: ""Pemimpin yg baik itu yg bisa memimpin ...",https://twitter.com/TracyPedas/status/1614610374359416835,Pemimpin yg baik itu yg bisa memimpin & punya Program2 yg baik untk kebaikan& kesejahteraan warganya sprti Gubernur Jateng Pak @ganjarpranowo Beliau sukses turunkan inflasi & berhasil stabilkan harga pangan di Jateng berkat program2 Pak Ganjar & jajarannya yg mantul👍 #GANTARI 🇲🇨 . 15 Jan 2023 13:08:05,1/15/2023
57,"Wati on Twitter: ""Pak Ganjar memang pemimpin terbaik. #ganjarpranowo # ...",https://twitter.com/Nona_Watimuri/status/1614721961544028160,Pak Ganjar memang pemimpin terbaik. #ganjarpranowo #ganjar_pranowo #ganjarkita #ganjaruntukindonesia #sahabatganjar #relawanganjar #GanjarPilihanJokowi #ganjarpranowofor2024 #GanjarPilihanRakyat #GanjarHebat #GanjarAmanah #GanjarBertanggungjawab . 15 Jan 2023 20:31:30,1/15/2023
58,"Mangun Karso on Twitter: ""hormati tuan rumah adalah sikap seorang ...",https://twitter.com/Mangun666/status/1614632545119002624,"hormati tuan rumah adalah sikap seorang pemimpin yang baik. Congorku mingkem.. harus menahan ketawa, bagaimana kadrun sedang mempromosikan Ganjar. Dan itulah contoh yang baik sebagai tamu. Sikap Tamu Kurang Ajar, pasti melecehkan tuan rumah. Kalo mau kritik. Pakai OTAK, ya drun . 15 Jan 2023 14:36:11",1/15/2023
59,"Sahabat Ganjar - Official on Twitter: ""Gubernur Ganjar Pranowo ...",https://twitter.com/sahabatganjar/status/1614969545848156170,"Sahabat Ganjar - Official. @sahabatganjar. Gubernur Ganjar Pranowo menyampaikan apresiasi kepada umat Kristiani, yang terus melakukan aksi konkret dan membantu Pemerintah Jawa Tengah dalam segala situasi. Seperti, kesediaan membantu dan menyiapkan rumah ibadah untuk jadi tempat pengungsian korban banjir.",1/16/2023
60,"Ganjar Pranowo for RI 1 2024 on Twitter: ""Ganjar Pranowo pemimpin masa ...",https://twitter.com/ganjarri2024/status/1615238929388797952,"""Ganjar Pranowo pemimpin masa depan #ganjarpranowo #ganjar_pranowo #ganjarkita #ganjaruntukindonesia #sahabatganjar #relawanganjar #GanjarPilihanJokowi #ganjarpranowofor2024 #GanjarPilihanRakyat #GanjarHebat #GanjarAmanah #GanjarBertanggungjawab""",1/17/2023
61,"Herdian Jufri on Twitter: ""Ganjar Pranowo pemimpin hebat untuk kemajuan ...",https://twitter.com/HerdianJufri/status/1615238470401945600,Ganjar Pranowo pemimpin hebat untuk kemajuan Indonesia #ganjarpranowo #ganjar_pranowo #ganjarkita #ganjaruntukindonesia #sahabatganjar #relawanganjar #GanjarPilihanJokowi #ganjarpranowofor2024 #GanjarPilihanRakyat #GanjarHebat #GanjarAmanah #GanjarBertanggungjawab . 17 Jan 2023 06:43:55,1/17/2023
62,"Jeni_Ly again on Twitter: ""Pemimpin itu melayani... 🤗 Maka pak ...",https://twitter.com/i/web/status/1615206353559261184,"""Pemimpin itu melayani... 🤗 Maka pak @ganjarpranowo tidak segan melayani salah satu santri tuna netra, mengambilkan minum.. Pd para santri pak Ganjar berpesan agar punya cita2 tinggi spt yg diharapkan keluarganya saat memondokkan mereka 🙏😉""",1/17/2023
63,Sahabat Ganjar - Twitter,https://twitter.com/sahabatganjar/status/1620674394556362752,"Selain sebagai bentuk penegakkan undang-undang, pemusnahan rokok tanpa cukai resmi tersebut untuk sosialisasi pentingnya penerimaan cukai rokok bagi masyarakat. #SahabatGanjar #Ganjar #ganjarpranowo . 01 Feb 2023 06:44:20",2/1/2023
64,"kusniii on Twitter: ""@GanjaranApp @ganjarpranowo Pak Ganjar Pranowo ini ...",https://twitter.com/trym110/status/1620666661421613056,"""@GanjaranApp @ganjarpranowo Pak Ganjar Pranowo ini memang sosok pemimpin hebat""",2/1/2023
65,"Jatim Dukung Ganjar🇮🇩💞 on Twitter: ""Ustadz Wijayanto ini pembawaannya ...",https://twitter.com/JatimDkgGanjar/status/1621093040436944896,"Ustadz Wijayanto ini pembawaannya ademm banget, beda jauh sama ustadz yg caci maki Beliau sahabat Pak Ganjar di UGM,pantesan Pak Ganjar toleransinya Tinggi,sirclean beliau org2 PILIHAN *salfok sama statemen Pak ustadz ""Memilih pemimpin yg tepat (sambil nunjuk Pak Ganjar "" 🥰 . 02 Feb 2023 10:27:53",2/2/2023
66,"KITA Dukung Pakde Jokowi sampai 2024💪 on Twitter: ""Luar biasa, Pak ...",https://twitter.com/Sherin_Tiara/status/1621473924516302854,"Luar biasa, Pak Ganjar Pranowo Pemimpin hebat yg mampu bawa perubahan yg baik bagi Jawa Tengah, bahkan Jateng berhasil mnjdi Provinsi dgn pemenang terbanyak dlm Anugrah Desa Wisata Indonesia (ADWI) dimana ada 6 Desa di Jateng yg terpilih dlm penghargaan tersebut. #GANTARI 🇲🇨 .",2/3/2023
67,"Ganjar GO R1 1 🇮🇩 on Twitter: ""Pemimpin yg tegas &amp; bijaksana ...",https://twitter.com/GanjargoRI1/status/1621885719445901312,"""Pemimpin yg tegas &amp; bijaksana~~! Full House #ダウンタウンvsZ世代 #大病院占拠 Livin SOLD OUT Bad Boy #バンドリ11thライブ Nanakoot EXO-SC INDONESIA FANCON #CHECKMATEinJKT #배켜나우리기다렸어 INFJ #Saturdayss Dewa 19 Chanyeol Bakri Ngilu #AZN_LIVEday1 Tante Lina えみりちゃん""",2/4/2023
68,GANJAR PRANOWO AND FRIEND'S on Twitter,https://twitter.com/SeblakSeuhah3/status/1621872021675327489,"""Mantap! Ganjar menjadi calon pemimpin paling ideal bagi generasi milenial SOLD OUT #ペットとして売られた Bad Boy #規制退場ニキ #殺人鬼から予測変換で助かれ #CHECKMATEinJKT Cat 2 あさきゆめみし #CHANYEOL 出川さん NO SCAM Cat 5 源氏物語 飼育難易度 Cat 3""",2/4/2023
69,"Ganjar Post on Twitter: ""Pemimpin yang tegas dan bijaksana~!! Full ...",https://twitter.com/GanjarPost/status/1621887041305985027,"""Pemimpin yang tegas dan bijaksana~!! Full House #ダウンタウンvsZ世代 #大病院占拠 Livin SOLD OUT Bad Boy #バンドリ11thライブ Nanakoot EXO-SC INDONESIA FANCON #CHECKMATEinJKT #배켜나우리기다렸어 INFJ #Saturdayss Dewa 19 Chanyeol Bakri Ngilu #AZN_LIVEday1 Tante Lina えみりちゃん""",2/4/2023
70,"detikcom on Twitter: ""Bawaslu awasi Relawan Sahabat Ganjar NTB yang ...",https://twitter.com/detikcom/status/1621908823429595136,"Bawaslu awasi Relawan Sahabat Ganjar NTB yang membagikan 3.000 paket sembako berisi beras dan minyak goreng di Kecamatan Masbagik, Kabupaten Lombok Timur. 4:29 PM · Feb 4, 2023 · 114.3K",2/4/2023
71,"syarif reno on Twitter: ""Mantap! Ganjar menjadi calon pemimpin paling ...",https://twitter.com/syarif_reno/status/1621872097248309254,"""Mantap! Ganjar menjadi calon pemimpin paling ideal bagi generasi milenial SOLD OUT #ペットとして売られた Bad Boy #規制退場ニキ #殺人鬼から予測変換で助かれ #CHECKMATEinJKT Cat 2 あさきゆめみし #CHANYEOL 出川さん NO SCAM Cat 5 源氏物語 飼育難易度 Cat 3""",2/4/2023
72,"SAHABAT GANJAR OFFICIAL on Twitter: ""Dalam rangka memperingati Harlah 1 ...",https://twitter.com/IDSahabatGanjar/status/1622151174328827906,"Dalam rangka memperingati Harlah 1 Abad NU, Sahabat Ganjar melakukan ziarah ke makam KH. Hisyam Abdul Karim di Kabupaten Purbalingga, Jawa Tengah. #GanjarPranowo #SahabatGanjar #JawaTengah . 05 Feb 2023 08:32:32",2/5/2023
73,"NewJeansPromo on Twitter: ""OMG template is seen to be used on Ganjar ...",https://twitter.com/newjeanspromo/status/1622318597577261057,OMG template is seen to be used on Ganjar Pranowo's official Tiktok account. He is the governor of Central Java and Indonesia's presidential candidate for 2024. #NewJeans #뉴진스,2/5/2023
74,"inilahcom on Twitter: ""Hasil survei yang dilakukan Indometer ...",https://twitter.com/inilahdotcom/status/1622263425564020738,"Hasil survei yang dilakukan Indometer mengungkapkan elektabilitas Gubernur Jawa Tengah Ganjar Pranowo, eks Gubernur DKI Jakarta Anies Baswedan, dan Menteri Pertahanan Prabowo Subianto yang digadang-gadang maju pada Pemilihan Presiden (Pilpres) 2024… 05 Feb 2023 15:58:35",2/5/2023
75,"Indah Begitu Indah on Twitter: ""Saat Pak Ganjar Pranowo sedang lari ...",https://twitter.com/TracyPedas/status/1622228737319399426,"Saat Pak Ganjar Pranowo sedang lari pagi di GBK masyarakat yg jg berolahraga disitupun berebut ingin bisa berfoto &mengobrol dgn Pak Ganjar, Pak Ganjar memang Pemimpin humble & dgn masyarakat sprti Presiden Jokowi,tdk heran masyarakat mendukung Pak Ganjar sbgai Capres #GANTARI 🇲🇨 . 05 Feb 2023 13:40:45",2/5/2023
76,"Ganjar GO R1 1 🇮🇩 on Twitter: ""RT @GanjargoRI1: Pemimpin yg bisa ...",https://twitter.com/GanjargoRI1/status/1622279908868378625,"""RT @GanjargoRI1: Pemimpin yg bisa merangkul semua, bravo Pak Ganjar. Back to December Donat ゆりっぺ確定 エンジェルビーツ #NCTDREAM #MYCONinJKT セクシー救急車…""",2/5/2023
77,Syekhul Ahyar: Ganjar Pemimpin yang Sangat Komplet dari Semua ... - Twitter,https://twitter.com/VIVAcoid/status/1622336020946755585,Syekhul Ahyar: Ganjar Pemimpin yang Sangat Komplet dari Semua Sisi. 05 Feb 2023 20:47:03,2/5/2023
78,"Bang Edi on Twitter: ""padahal sasaran tembaknya bukan Anies ini, tapi ...",https://twitter.com/BangEdiii/status/1622416051467341829,"padahal sasaran tembaknya bukan Anies ini, tapi PDIP dan yu Puan lihai Wow! Elektabilitas Ganjar Pranowo Jauh Melesat, ungguli Prabowo dan Anies 06 Feb 2023 02:05:04",2/6/2023
79,"Wow! Elektabilitas Ganjar Pranowo Jauh Melesat, ungguli ... - Twitter",https://twitter.com/geloraco/status/1622398462938722304,"Wow! Elektabilitas Ganjar Pranowo Jauh Melesat, ungguli Prabowo dan Anies. 06 Feb 2023 00:55:10",2/6/2023
80,"Wow! Elektabilitas Ganjar Pranowo Jauh Melesat, Ungguli ... - Twitter",https://twitter.com/OposisiCerdas/status/1622406861436903424,"Wow! Elektabilitas Ganjar Pranowo Jauh Melesat, Ungguli Prabowo dan Anies. 06 Feb 2023 01:28:33",2/6/2023
81,Ganjar Pranowo on Twitter,https://twitter.com/ganjarpranowo/status/1622452933899190272,"Ganjar Pranowo. @ganjarpranowo. Setidaknya sudah 3ribu lebih pelapak yang ikut promosi gratis di 116 wilayah di Indonesia. Kalau kamu punya usaha dan mau ikutan juga bisa. 4:31 AM · Feb 6, 2023 ...",2/6/2023
82,"ChusnuI ch💞timah on Twitter: ""Survei terbaru. Anies yg diobral keliling ...",https://twitter.com/ch_chotimah2/status/1622520082655240193,"Survei terbaru. Anies yg diobral keliling, Ganjar yg jauh melesat. Wow! Elektabilitas Ganjar Pranowo Jauh Melesat, ungguli Prabowo dan Anies. https://joglo.suara.com ...",2/6/2023
83,donibar on Twitter,https://twitter.com/donibar/status/1623743786806562816,"""@AirinDatangLagi @ganjarpranowo Itu beneran pak Ganjar yang kata si anu, pak Ganjar ndak punya konsep dan solusi dan visi misi dalam mengatasi masalah bangsa Indonesia ?""",2/6/2023
84,"Partai Demokrat on Twitter: """"Untuk Cawapres, Partai Demokrat ...",https://twitter.com/PDemokrat/status/1622496564731346944,"""Untuk Cawapres, Partai Demokrat menyerahkan sepenuhnya kpd Mas Anies, tentu kami berharap Cawapres yg bisa memenangkan Pilpres 2024. Jika ingin menang Pilpres 2024, maka pasangan Capres & Cawapres harus memiliki elektabilitas tinggi."" Andi Mallarangeng Sekretaris MTP PD #AHY . 06 Feb 2023 07:25:00",2/6/2023
85,"Ganjar_is_me II on Twitter: ""Gini nih kalau pemimpin dicintai rakyat 🥰😁 ...",https://twitter.com/Ganjar_is_me2/status/1622585779242553346,"""Gini nih kalau pemimpin dicintai rakyat 🥰😁🤟🇮🇩 Nestle Manchester City youngji Best Friend Ever #HARUTO Cheating Matcha Coco Alvarez Turkey #earthquake Assad mark lee Chelsea and Liverpool #Syria Sebelahan #PrayForTurkey Sandi Haaland 50 M #GRAMMYs Beyonce #زلزال""",2/6/2023
86,anggere's Tweets - Twitter,https://twitter.com/anggere57,Penambang illegal auto ketar-ketir. Sikat habis Pak !! Cape Himawari 大量のイワシ タバコの吸い殻 バイオハザード 女性の8割 どうぶつの森 スタバの,2/6/2023
87,"Nakula on Twitter: ""Jika Ganjar pranowo dan Erick Thohir jadi diduetkan ...",https://twitter.com/03__nakula/status/1622776396300058626,"""Jika Ganjar pranowo dan Erick Thohir jadi diduetkan PDI-P dan koalisi, InsyaAllah pilpres 2024 cuma 1 putaran dimenangkan Ganjar - Erick (GAET). Keduanya pemimpin muda yang berprestasi dan diterima banyak kalangan. Keduanya luwes, inovatif, bersih dan bernyali. #BangkitBersamaET""",2/7/2023
88,donibar on Twitter,https://twitter.com/donibar/status/1623743786806562816,"""@AirinDatangLagi @ganjarpranowo Itu beneran pak Ganjar yang kata si anu, pak Ganjar ndak punya konsep dan solusi dan visi misi dalam mengatasi masalah bangsa Indonesia ?""",2/7/2023
89,"Ali Syarief on Twitter: ""Relawan Ganjar Pranowo Mania akan dibubarkan ...",https://twitter.com/alisyarief/status/1622853105112203264,"Relawan Ganjar Pranowo Mania akan dibubarkan menjelang tahapan Pemilihan Presiden (Pilpres) 2024. Ketum GP Mania Immanuel Ebenezer mengatakan pembubaran akan dilakukan secara resmi pada Kamis (9/2) di Jakarta. ""100 persen enggak dukung Ganjar lagi,"" kata Immanuel ... (9/2) di Jakarta. ""100 persen enggak dukung Ganjar lagi,"" kata ...",2/7/2023
90,"KITA Dukung Pakde Jokowi sampai 2024💪 on Twitter: ""Pulang dari Harlah # ...",https://twitter.com/Sherin_Tiara/status/1622962521950003200,"Pulang dari Harlah #Nu1abad Pak Ganjar Pranowo kembali dielu2kan nahdliyin. Pemimpin yg disukai masyarakat pastinya kehadiran dinantikan, bahkan saat pulang dri acara NU sprti Pak Ganjar ini pun di elu2kan, krna Beliau memang Pemimpin yg kharismatik jg humble #GANTARI 🇲🇨 #Nu1abad ... bahkan saat pulang dri acara NU sprti Pak Ganjar ini ...",2/7/2023
91,Jatim Dukung Ganjar🇮🇩💞 on Twitter,https://twitter.com/JatimDkgGanjar/status/1622956621784846337,"""RT @siticeriaselalu: Hari ini adalah perayaan Seabad NU yg dipusatkan di Sidoarjo Banyak tokoh dan pemimpin daerah turut menyemarakkan aca…""",2/7/2023
92,Ebenezer Tantang Guntur Romli Beberkan Bukti Adu Domba Ganjar-PDIP,https://twitter.com/CNNIndonesia/status/1623204059858731008,Ebenezer Tantang Guntur Romli Beberkan Bukti Adu Domba Ganjar-PDIP. 08 Feb 2023 06:16:20. Ebenezer Tantang Guntur Romli Beberkan Bukti Adu Domba Ganjar-PDIP. 08 Feb 2023 06:16:20 ...,2/8/2023
93,Kata Noel den ganjar itu pemimpin yg minim gagasan. Menurut ... - Twitter,https://twitter.com/Umar_Syadat770/status/1623304002216804357,Kata Noel den ganjar itu pemimpin yg minim gagasan. Menurut kalian gmn? 08 Feb 2023 12:53:28,2/8/2023
94,"detikcom on Twitter: ""Batal dukung Ganjar Pranowo maju sebagai capres ...",https://twitter.com/detikcom/status/1623512178941734912,"Batal dukung Ganjar Pranowo maju sebagai capres di 2024, sang Ketum Jokowi Mania (JoMan) ungkap salah satu alasannya karena Ganjar dinilai miskin gagasan. Translate Tweet. news.detik.com. ... akhirnya sadar juga,untuk presiden indonesia kedepan 2024 hnya pak anies yg bisa dipilih. 1. 1. 5.",2/9/2023
95,"""Saya tekankan Ganjar sosok pemimpin yang sombong dan angkuh ... - Twitter",https://twitter.com/DFighter___/status/1623739417755275265,"""Saya tekankan Ganjar sosok pemimpin yang sombong dan angkuh.."" ~ Immanuel Ebenezer ~ 09 Feb 2023 17:43:39",2/9/2023
96,"Yurisa_Samosir on Twitter: ""Immanuel Ebenezer "" "" Ganjar yg Minim ...",https://twitter.com/Yurissa_Samosir/status/1623655553661829120,"Immanuel Ebenezer "" "" Ganjar yg Minim gagasan alias Gak Punya ide atau Gagasan, Sosok Pemimpin yg sombong dan Cocok Menjadi Presiden YouTube...Ucap Immanuel Ebenezer Alias Bang Noel... 09 Feb 2023 12:10:24",2/9/2023
97,Dunia Sementara on Twitter,https://twitter.com/dunia_sejahtera/status/1623577498846986240,Saya dan Pak Bas lagi mikir keras nyari nama komunitas rambut putih nasional. Tolong bantu usulan nama dan singkatan yang keren dong,2/9/2023
98,"Ganjaran app on Twitter: """"Ganjar itu religius, nyantri dan berbudaya ...",https://twitter.com/GanjaranApp/status/1623939827061379072,"""""Ganjar itu religius, nyantri dan berbudaya. Ia adalah pemimpin yang dalam kultur Sunda disebut ""Pinilih"". Tidak bisa disetting. Terpilih secara alami' Kyai Pipin Nur Afilail Ketua Umum SABUMI GANJAR #ganjarpranowo #ganjaranapp #ganjarkita #capres2024 #RelawanGanjarPranowo""",2/10/2023
99,Nakula on Twitter,https://twitter.com/03__nakula/status/1623856249573093378,"""Menteri BUMN Erick Thohir pasangan ideal buat gubernur Jateng, Ganjar pranowo. Elektabilitas Erick Thohir tersebar merata di 5 Jawa yakni Banten, Jakarta, Jawa Barat, Jawa Tengah, Jawa Timur bahkan di luar Jawa. InsyaAllah duet Erick - Ganjar menang 1 putaran. #BangkitBersamaET""",2/10/2023
100,"🇲🇨 Cah Angon 🇮🇩 on Twitter: ""Noel bilang Ganjar Pranowo bukan pemimpin ...",https://twitter.com/CahAngo45022699/status/1624265627795075072,"Noel bilang Ganjar Pranowo bukan pemimpin ideal karena dia kalau olahraga sendiri, gak sama rakyat. Salah bro, Ganjar olahraga sambil ketemu rakyat, gowes ke pasar menyapa pedagang, nanya harga sembako dan menyerap laporan warga. #RIBangkitBersamaGanjar . 11 Feb 2023 04:34:37",2/11/2023
101,"Yanti Yusdwindra on Twitter: ""Ganjar calon pemimpin masa depan yang ...",https://twitter.com/YantiYusdwindra/status/1624236976248598529,"""Ganjar calon pemimpin masa depan yang bisa dekat dengan semua usia serta dengan berbagai macam golongan masyarakat Brazil #TheLastOfUs bupati kendal Kim Doyoung bukan orang baru Fast X Mowning seungcheol sinb Dilla 이예람 중사 토끼 캔들 アラスカ上空 科学技術館 指名停止 ミルク派""",2/11/2023
102,"Indah Begitu Indah on Twitter: ""Ibu2 & pedagang lihat Pak Ganjar udh ...",https://twitter.com/TracyPedas/status/1624397158916177920,"Ibu2 & pedagang lihat Pak Ganjar udh langsung minta selca aja, pdhal disitu Pak Ganjar lagi sidak & bertnya kpda para penjual malah ibu2 terus minta foto sambil bilang Pak Ganjar Ganteng, Ganteng Pool, tau aze sih Bu yg ganteng😂 Pak Ganjar memang Pemimpin yg humble ️ #GANTARI 🇲🇨 . 11 Feb 2023 13:17:17",2/11/2023
103,"Nita Ardina on Twitter: """"Kita membutuhkan pemimpin dengan gagasan yang ...",https://twitter.com/nita_ardina/status/1624335276280786944,"""""Kita membutuhkan pemimpin dengan gagasan yang hebat untuk membawa Indonesia menjadi negara yang semakin hebat ke depannya. Pemimpin itu ada di Bapak Ganjar Setuju gak? #rambutputih 😂🤣😌""",2/11/2023
104,"Indah Begitu Indah on Twitter: ""Pemimpin yg baik itu yg tdk bnyk ...",https://twitter.com/TracyPedas/status/1625094828236361728,"Pemimpin yg baik itu yg tdk bnyk membual sprti eks Gubernur JKT yg pandai merangkai kata namun tidak bs kerja nyata, Pak Ganjar Pranowo Pemimpin hebat sprti Presiden Jokowi yg fokus kerja.kerja.kerja. Raih bnyk penghargaan&mampu menurunkan kemiskinan ektrim di 5 daerah #GANTARI🇲🇨 .",2/13/2023
105,Dumdum on Twitter,https://twitter.com/yusuf_dumdum/status/1625305578892574721,"Ganjar makin diserang malah makin naik, dari 15,8 % jd 19,8 %. ... Disusul Prabowo dan Anies. Lembaga survei Populi Center merilis survei elektabilitas capres di 2024. Hasilnya, Ganjar berlektabilitas 19,8%, Prabowo Subianto 17,1% dan Anies 10,8%. 1:27 AM · Feb 14, ...",2/14/2023
106,"Chusnul ch💞timah on Twitter: ""Relawan Ganjar terus sebarkan kebaikan ...",https://twitter.com/ch_chotimah2/status/1625372726302220288,"Ketua Umum Relawan Sahabat Ganjar Papua, Isak Chogoyanak Giay menyampaikan bantuan yang diberikan guna meringankan beban para korban. 5:53 AM · Feb 14, 2023 · 7,871",2/14/2023
107,"detikcom on Twitter: ""Lembaga survei Populi Center merilis hasil survei ...",https://twitter.com/detikcom/status/1625336661646139393,Lembaga survei Populi Center merilis hasil survei terbaru terkait figur calon Presiden Indonesia 2024. Ganjar Pranowo menjadi tokoh dengan elektabilitas tertinggi. 14 Feb 2023 03:30:32,2/14/2023
108,Ganjar Pranowo on Twitter,https://twitter.com/ganjarpranowo/status/1626160062006956033,"Norwegia merupakan mitra penting bagi Indonesia di kawasan Skandinavia. Bahkan Total perdagangan kita mencapai 286 juta USD. 44. 79. 934. Ganjar Pranowo. ... Ganjar Pranowo. @ganjarpranowo. Terimakasih Mrs. Rut Kruger Giverin, Duta Besar Norwegia untuk Indonesia sudah mampir ke Jawa Tengah.",2/16/2023
109,"Chusnul ch💞timah on Twitter: ""Ganjar bikin target bangun 1.000 embung ...",https://twitter.com/ch_chotimah2/status/1626176442626363392,"Ganjar bikin target bangun 1.000 embung. Sdh tercapai malah dihajar terus, hingga 1.135 embung. Beda dgn Anies, targetnya dikurangi terus, lihat aja DP 0.",2/16/2023
110,"☪️Husnul ch💗timah on Twitter: ""Seruan dukungan untuk keberhasilan ...",https://twitter.com/chusnuIch_/status/1626218876630618113,"Seruan dukungan untuk keberhasilan Ganjar Pranowo di pilpres 2024 kembali di gelorakan di provinsi Jawa Barat. Pada kesempatan ini, Sahabat Ganjar mendulang dukungan tersebut dalam kegiatan pengabdian masyarakat yaitu workshop kreasi bungkus kado. 16 Feb 2023 13:56:08",2/16/2023
111,"REPUBLIK MERDEKA | RMOL.ID on Twitter: ""Peluang Ganjar Pranowo ikut ...",https://twitter.com/rmol_id/status/1626426949995495426,"Peluang Ganjar Pranowo ikut bertarung sebagai calon presiden (Capres) di pemilihan presiden (Pilpres) 2024 sangat tergantung pada kesediaan PDIP. Namun, kemungkinan diusung partai berlambang banteng itu sangat kecil. 17 Feb 2023 03:42:57",2/17/2023
112,"Chusnul ch💞timah on Twitter: ""BuzzeRP @aniesbaswedan, @Yurissa_Samosir ...",https://twitter.com/ch_chotimah2/status/1626602069686890498,"BuzzeRP @aniesbaswedan, @Yurissa_Samosir sebar hoax lg. Emosi dia sy bilang Anies capres doorprize Krn acaranya pakai doorprize, akhirnya bikin fitnah ke pak @ganjarpranowo, acara relawan sahabat Ganjar dibilang acara Ganjar. Nies buzzeRPmu makin menjijikkan, otaknya ga ada.😝😂 . 17 Feb 2023 15:18:48",2/17/2023
113,"Mpu Ferdinand VanHaean on Twitter: ""Ada banyak nama muncul sbg Capres ...",https://twitter.com/ferdinand_mpu/status/1626884022315134976,"Ada banyak nama muncul sbg Capres. 1 nama yang bukan Pion oligarki tapi Raja, bukan Wayang tp Dalang, bukan boneka tp Pemimpin adalah Prabowo Subianto. 1 nama yang dicintai rakyat tapi belum menjadi Raja adalah Ganjar Pranowo. Kalau keduanya disatukan, Indonesia akan lbh baik. 18 Feb 2023 09:59:11",2/18/2023
114,Ganjar Pranowo on Twitter,https://twitter.com/ganjarpranowo/status/1626778570801700864,"Ya, di antara Semaun, Muso, Alimin sampai Darsono dialah paling junior. Sebelum akhirnya bergabung pula Kartosuwiryo yang lebih muda dibanding dia, Soekarno.",2/18/2023
115,"Jatim Dukung Ganjar🇮🇩💞 on Twitter: ""Soekemi yakin putranya bukan anak ...",https://twitter.com/JatimDkgGanjar/status/1626926822301790214,"Soekemi yakin putranya bukan anak biasa-biasa saja. Maka setelah lulus HBS, dia mengirim putranya ke seorang kawan yang waktu itu dianggap sebagai satu-satunya pribumi yang layak disebut sebagai pemimpin, HOS Cokroaminoto, sosok raja tanpa mahkota. 18 Feb 2023 12:49:15",2/18/2023
116,Chusnul ch💞timah on Twitter,https://twitter.com/ch_chotimah2/status/1630904708499140609,"""Infrastruktur daerahnya dibangun, manusianya juga dibangun. Inilah pemimpin bukan pembual seperti Anies. Ganjar bangun 10 ribu kilometer jalan desa 2013-2022 ...",3/1/2023
117,"Riska Arianti on Twitter: ""Ganjar sosok pemimpin yg tidak kaku, bisa ...",https://twitter.com/RiskaArianti06/status/1630929403168567296,"Ganjar sosok pemimpin yg tidak kaku, bisa membaur dengan semua golongan. Music Video YouTube よよよちゃん #有吉の壁 水上くん 鳥居みゆき りゅちぇのインライ #上田と女が吠える夜 約70年の歴史 刀鍛冶の里編 ツダケン 津田さん フルーツサンド 誰のツイート 高校卒業 #東大王 Criminal Minds",3/1/2023
118,"Ganjar GO R1 1 🇮🇩 on Twitter: ""Ganjar sosok pemimpin yang tidak kaku ...",https://twitter.com/GanjargoRI1/status/1630898913556434944,"""Ganjar sosok pemimpin yang tidak kaku~! Sherlock Holmes #有吉の壁 鬼滅テレビ 第五福竜丸の記述 誰のツイート 約70年の歴史 呂布カルマ #楽天スーパーSALEで買うべきもの ロイドさん レゴランド イーロン 自分のツイート なぎちゃん卒業 #東大王 鈴木伸之""",3/1/2023
119,Chusnul ch💞timah on Twitter,https://twitter.com/ch_chotimah2/status/1631126413914038273,"Kadrun ga pny otak, Ganjar deklarasi capres aja belum, ngapain bayar Lembaga survei, ... Hoaks Ganjar Bayar Lembaga Survei untuk Saingi Elektabilitas Anies. Dalam video tidak ada pernyataan terkait Ganjar Pranowo yang membayar lembaga survei. Tidak ditemukan juga informasi yang valid terkait klaim tersebut.",3/2/2023
120,"Tere Liye on Twitter: ""Sahabat ganjar yg berdomisili di Kab. Musi ...",https://twitter.com/tereliyequote_/status/1631123570498895873,Sahabat ganjar yg berdomisili di Kab. Musi Banyuasin jgn lupa yah tgl 3 maret 2023 yukk sama2 hidup sehat #GerakanUntukGanjar . 02 Mar 2023 02:45:38,3/2/2023
121,Canda Politika on Twitter,https://twitter.com/bangrojaki/status/1631199666015698948,"Seumur-umur baru kali ini gue didatengin tukang survei, anak buahnya Burhanudin Muhtadi. Banyak sih yang ditanyain. Kalau soal Presiden gue pilih Anies lah. Pas ditanya, ""Jika pilpres cuma ada 2 kubu Prabowo dan Ganjar, siapa yang dipilih? "" Tanpa berkedip gue jawab, GOLPUT!",3/2/2023
122,"Elektabilitas Ganjar Melejit di Survei, Hasto PDIP: Survei ... - Twitter",https://twitter.com/geloraco/status/1631486570468642816,"Elektabilitas Ganjar Melejit di Survei, Hasto PDIP: Survei Itu Banyak Motif, Tergantung Siapa Sponsornya. 03 Mar 2023 02:48:04",3/3/2023
123,"Suara Indonesia on Twitter: ""Betul ! kualitas pemimpin itu dinilai dari ...",https://twitter.com/Suara62/status/1631445093633888256,"""Betul ! kualitas pemimpin itu dinilai dari pencapaiannya. Indomie Yatai KPAI Partai Prima ARTIST AND STAFF Silent Matthew WELCOME WINWIN TO PARIS #Ganjar #ganjarpranowo #ganjarbertanggungjawab #HARAM #TDS2inJAKARTA #SECRET_NUMBER #SavePendampingDesa #TAEYONG #TAEYONGtoPFW23""",3/3/2023
124,"Jalur Pantura Jateng Rusak Parah, DPD Jateng ke Ganjar Pranowo: Jangan ...",https://twitter.com/democrazymedia/status/1631678316762521600,"Jalur Pantura Jateng Rusak Parah, DPD Jateng ke Ganjar Pranowo: Jangan Hanya Tebar Pesona, Rakyatmu Menangis! 03 Mar 2023 15:30:00",3/3/2023
125,"Febri Diansyah on Twitter: ""Jk Bu Sri Mulyani bisa melewati situasi ini ...",https://twitter.com/febridiansyah/status/1631663819461398529,"Jk Bu Sri Mulyani bisa melewati situasi ini dg baik & berhasil bersih2 ke dalam, bukan tidak mungkin ia akan jd harapan baru pemimpin Indonesia ke depan. Apalagi banyak Capres yg tampak masih belum menemukan Cawapres 🤔 Meskipun saya ttp dukung Bu @susipudjiastuti sih 😄. 03 Mar 2023 14:32:24",3/3/2023
126,"😅😅😅 Elektabilitas Ganjar Pranowo Naik, Sekjen PDIP ... - Twitter",https://twitter.com/BosPurwa/status/1631949795924537345,"😅😅😅 Elektabilitas Ganjar Pranowo Naik, Sekjen PDIP: Survei Itu Banyak Motif Tergantung Siapa Sponsornya. 04 Mar 2023 09:28:46",3/4/2023
127,"Jatim Dukung Ganjar🇮🇩💞 on Twitter: ""Mana nih bajer wan ambrol yg ngimpi ...",https://twitter.com/JatimDkgGanjar/status/1631876492077727746,"Mana nih bajer wan ambrol yg ngimpi mau rebut hati org Jawa Timur??? Coba cek nomor berapa kunjungan kalian yg udah keliling dunia kuwi🤣 ""Survei SSC, Elektabilitas ...",3/4/2023
128,"membangunnegri62 on Twitter: ""Elektabilitas untuk Pilpres 2024 paling ...",https://twitter.com/membangunnegri1/status/1632234453417484291,"""Elektabilitas untuk Pilpres 2024 paling tinggi, Ganjar Pranowo : Biasa saja. Vitri Pertamina Welcome to Indonesia Pagiii Anies Hange WHAT A COMEBACK 8 IU Dyandra EXO-Ls WILL ALWAYS WITH EXO #ganjarpranowo #ganjarbertanggungjawab #TDS2inJAKARTA #AttackonTitanFinalSeasonpart3""",3/5/2023
129,"V A N I A ⚪ on Twitter: ""Ribuan pendukung Ganjar - @Dr_Moeldoko ...",https://twitter.com/VaniaCiprut/status/1632298068862443520,"Ribuan pendukung Ganjar - @Dr_Moeldoko mendominasi di Musra sulteng Masyarakat menginginkan pemimpin yg jujur, bersih dan tegas. Yang paling tepat yaa Ganjar - Moeldoko 👍🏻 #MoeldokoPenjagaNKRI .",3/5/2023
130,"Lonika Bytta🇮🇩🇮🇩 on Twitter: ""Pak Ganjar Sosok Pemimpin Yang Peduli ...",https://twitter.com/LonikaBytta/status/1632298615736786949,Pak Ganjar Sosok Pemimpin Yang Peduli Rakyat. Sprei Tanah Merah PSSI Jaring Aspirasi Liga 2 Gen 3 Tinggalin Kamarku PARK JISUNG 日曜の午後 大千秋楽 グラスラ 風呂サー 大阪城S WIN5 俺の股間 カポエラー プールの水 予測最大値の5 グルージャ 吾郎さん . 05 Mar 2023 08:34:51,3/5/2023
131,"Petuah Negeri 🇮🇩 on Twitter: ""Pak Ganjar Pemimpin Gercep. Sprei Tanah ...",https://twitter.com/PetuahNegeri/status/1632301251160596480,"""Pak Ganjar Pemimpin Gercep. Sprei Tanah Merah Tinggalin Anies Arhan Liga 2 Kamarku Gen 3 Minggu Sore WIN5 大千秋楽 大阪城S 大千穐楽 吾郎さん シャディク 俺の股間 予測最大値の5 プールの水 マーサおばさん 風呂サー""",3/5/2023
132,"Bytta Lonika🇮🇩🇮🇩 on Twitter: ""Pak Ganjar Pemimpin Yang Peduli Rakyat ...",https://twitter.com/ByttaLonika/status/1632298024830640129,Pak Ganjar Pemimpin Yang Peduli Rakyat. Sprei Tanah Merah PSSI Jaring Aspirasi Liga 2 Gen 3 Tinggalin Kamarku PARK JISUNG 日曜の午後 大千秋楽 グラスラ 風呂サー 大阪城S WIN5 俺の股間 カポエラー プールの水 予測最大値の5 グルージャ 吾郎さん ...,3/5/2023
133,Ganjar Pranowo on Twitter,https://twitter.com/ganjarpranowo/status/1632539123998400512,Ganjar Pranowo. @ganjarpranowo. Sebagai Ketua Umum Kagama saya melantik Pengurus Cabang Kagama di Wilayah Sumatera Utara semalam. Saya berharap Kagama Sumut mampu menjalankan fungsi pengabdian masyarakat dan bekerjasama dengan berbagai lembaga dalam mendorong perkembangan ekonomi di Sumatera Utara. ... Maturnuwun sak derenge pak Ganjar. 2.,3/6/2023
134,"Ganjar Pranowo on Twitter: ""Selamat Prof Muryanto Amin atas pengukuhan ...",https://twitter.com/ganjarpranowo/status/1632707016539119616,Selamat Prof Muryanto Amin atas pengukuhan guru besar hari ini. Sahabat saya ini rektor Universitas Sumatera Utara. Gagasan tentang digitalisasi partai politik sepertinya harus segera diaplikasikan agar setiap parpol mampu merespon cepat keinginan masyarakat. 06 Mar 2023 11:37:41,3/6/2023
135,"Menurut Survei, Ganjar Jadi Bacapres Paling Mampu Atasi ... - Twitter",https://twitter.com/geloraco/status/1632762650580127750,"Menurut Survei, Ganjar Jadi Bacapres Paling Mampu Atasi Masalah Perekonomian di Indonesia. 06 Mar 2023 15:18:45 Menurut Survei, Ganjar Jadi Bacapres Paling Mampu Atasi Masalah Perekonomian di Indonesia ... Menurut Survei, Ganjar Jadi Bacapres Paling Mampu Atasi Masalah Perekonomian di Indonesia. 06 Mar 2023 15:18:45 ...",3/6/2023
136,"Chusnul ch💞timah on Twitter: ""PESTA RAKYAT GANJAR PRANOWO IS BACK ...",https://twitter.com/ch_chotimah2/status/1632637840688582656,"PESTA RAKYAT GANJAR PRANOWO IS BACK !!! Kali hadir di Kebon Gede, Kota Palembang pada 11 Maret 2023. Menampilkan sederet artis ternama dan doorprize menarik. Acaranya gratis! Yuk hadir ajak saudara dan sahabat, mari isi demokrasi kita dgn kegembiraan. #GanjarPranowoPalembang . 06 Mar 2023 07:02:48",3/6/2023
137,"โДН Ж฿ΔLΣЮ on Twitter: ""Makin Tak Terbendung !! Dari AS untuk ...",https://twitter.com/_Umamlik/status/1632705479972364291,Makin Tak Terbendung !! Dari AS untuk @ganjarpranowo Para Diaspora Indonesia mendeklarasikan mendukung Pak Ganjar untuk ikut Menjadi Bacapres 2024 Wahhh semakin bikin Sebelah Ketat ketir 😛 Semua akan Ganjar Pada Waktunya Gassspoooo gyusss Rt Kerasss 💪💪 . 06 Mar 2023 11:31:35,3/6/2023
138,"KITA Dukung Pakde Jokowi sampai 2024💪 on Twitter: ""Pak Ganjar kenapa ...",https://twitter.com/Sherin_Tiara/status/1632994407442948102,"Pak Ganjar kenapa ketemu orang random mlu kelakuannya, tiap disuruh pilih apa ujung2nya pada minta HP🤣 Hp kentang mau ganti hp baru emang paling benar tuh orang, otaknya brilian, kapan lagi dapat hp dari Pak @ganjarpranowo😍 Pak Ganjar memang Pemimpin humble ️ #GANTARI 🇲🇨 .",3/7/2023
139,"Menurut Survei KIC, Ganjar Jadi Bacapres Paling Mampu Atasi ... - Twitter",https://twitter.com/OposisiCerdas/status/1632906050092564480,"Menurut Survei KIC, Ganjar Jadi Bacapres Paling Mampu Atasi Masalah Perekonomian di Indonesia. 07 Mar 2023 00:48:34",3/7/2023
140,"Chusnul ch💞timah on Twitter: ""Pemimpin, Kebijakan2nya jelas bermanfaat ...",https://twitter.com/ch_chotimah2/status/1632959603251240961,"Pemimpin, Kebijakan2nya jelas bermanfaat unk rakyat, kalo bikin celaka rakyat seperti beri IMB diarea berbahaya dan ilegal, itu penjahat. Dulu Desa Kembanglangit Bak ...",3/7/2023
141,"Jhon Sitorus on Twitter: ""Secara matematis, pasangan Ganjar-Prabowo ...",https://twitter.com/Miduk17/status/1633745188056358914,"Secara matematis, pasangan Ganjar-Prabowo bisa MENANG 1 putaran di Pilpres 2024 Prabowo adl sosok lama yang memiliki konstituen yg LOYALITASNYA tinggi Ganjar mewarisi Jokowi, baik secara KARAKTER maupun REKAM JEJAK memiliki nilai yg hampir sepadan Keduanya saling melengkapi . 09 Mar 2023 08:23:01",3/9/2023
142,Sahabat Ganjar - Official on Twitter,https://twitter.com/sahabatganjar/status/1633671090122915841,"Program ini untuk mendukung pengembangan para pelaku usaha mikro, kecil dan menengah (UMKM), dan memberikan kebermanfaatan kepada mereka. #sahabatganjar #ganjarpranowo #Ganjar",3/9/2023
143,"CNN Indonesia on Twitter: ""PDIP Soal Pertemuan Prbowo, Ganjar dan ...",https://twitter.com/CNNIndonesia/status/1633837755204780034,"PDIP Soal Pertemuan Prbowo, Ganjar dan Jokowi: Jangan Dikaitkan Pemilu. 09 Mar 2023 14:30:50",3/9/2023
144,"CNN Indonesia on Twitter: ""Istana Ungkap Alasan Jokowi Ajak Prabowo ...",https://twitter.com/CNNIndonesia/status/1633958520864505856,Istana Ungkap Alasan Jokowi Ajak Prabowo saat Panen Raya Bareng Ganjar. 09 Mar 2023 22:30:43,3/9/2023
145,"Ganjar Pranowo on Twitter: ""Indonesia lumbung pangan dunia, siap! https ...",https://twitter.com/ganjarpranowo/status/1633688066463518720,"Ganjar Pranowo. @ganjarpranowo. Indonesia lumbung pangan dunia, siap! Translate Tweet. 4:36 AM · Mar 9, 2023 ...",3/9/2023
146,"Sahabat Ganjar - Official on Twitter: ""Hari Sabtu Tanggal 11 Maret pada ...",https://twitter.com/sahabatganjar/status/1633714107923955713,"Hari Sabtu Tanggal 11 Maret pada kemana? Dari pada gak ada tujuan mending datang ke Pesta Rakyat Ganjar Pranowo #5 di Kebon Gede Venue, Palembang, Sumatera Selatan!! Acara ini akan menghadirkan Pee Wee Gaskins, Indah Yastami dan Kopral Jono. #sahabatganjar #saksikanGPPalembang . 09 Mar 2023 06:19:30",3/9/2023
147,"detikcom on Twitter: ""Momen akrab Prabowo dan Ganjar saat panen raya di ...",https://twitter.com/detikcom/status/1633749335346413570,"Momen akrab Prabowo dan Ganjar saat panen raya di Kebumen, dinilai tak bisa dilepaskan dari Pilpres 2024. Apakah hal ini bisa jadi kode keduanya akan berduet? 09 Mar 2023 08:39:29",3/9/2023
148,"Chusnul ch💞timah on Twitter: ""Ganjar selama jd Gub Jateng sdh membangun ...",https://twitter.com/ch_chotimah2/status/1633792685361483777,"""Ganjar selama jd Gub Jateng sdh membangun 71 Puskesmas. Lalu sy tanya baik2, @aniesbaswedan selama jd Gub DKI dgn APBD terbesar se-Indonesia, sdh bangun brp puskesmas? BuzzeRPnya ngamuk2.🤦 Pdhl tinggal bilang sdh bangun 1 biji apa susah sih. Sampaikan kebenaran ga usah…""",3/9/2023
149,"SMRC: Kans Prabowo Duet dengan Ganjar Besar, Demi lawan Anies ... - Twitter",https://twitter.com/KompasTV/status/1634036238184509440,"SMRC: Kans Prabowo Duet dengan Ganjar Besar, Demi lawan Anies di Pilpres 2024. 10 Mar 2023 03:39:32",3/10/2023
150,"GP24P on Twitter: ""Menang Satu Putaran Koalisi Merah Putih PDIP👉Merah ...",https://twitter.com/KakekHalal/status/1634023453241262080,Menang Satu Putaran Koalisi Merah Putih PDIP👉Merah Gerindra👉Putih Ganjar Pranowo - Prabowo Subianto Ganjar Pranowo👉Capres Prabowo Subianto👉Cawapres . 10 Mar 2023 02:48:44 ...,3/10/2023
151,"🇮🇩🇲🇨 MARQUEZ 🇲🇨🇲🇨 on Twitter: ""Pengamat Katakan Ganjar Pranowo Anak ...",https://twitter.com/MARQUEZ__93/status/1634159141936832517,"Pengamat Katakan Ganjar Pranowo Anak Emas Presiden Jokowi, Ya Iyalah Ganjar Pranowo Mempunyai Pengalaman Segudang Kader Partai, Anggota DPR 2 Periode, Gubernur 2 Periode, Ketua KAGAMA. Ayo Sahabat Twit Kita Sukseskan GP Presiden RI 2024 Jaga Kekompakan. Ayo Kita Saling Follow . 10 Mar 2023 11:47:55",3/10/2023
152,"Susan Kiara on Twitter: ""Iya sih, Bapak Prabowo semakin dipercaya jadi ...",https://twitter.com/SusanKiara2/status/1634063346696847361,"Iya sih, Bapak Prabowo semakin dipercaya jadi pemimpin sebab bisa mengelola kerja terbaik, integritas, dan kompetensinya untuk bangsa. @prabowo @gerindra IkutPakde Prabowo-Ganjar Bikin Adem Lihatnya . 10 Mar 2023 05:27:15",3/10/2023
153,"KITA Dukung Pakde Jokowi sampai 2024💪 on Twitter: ""Mantul kan kinerja ...",https://twitter.com/Sherin_Tiara/status/1634195687473831937,Mantul kan kinerja seorang Ganjar Pranowo Gubernur Jateng yg bisa jadi panutan bagi Pemimpin daerah lainnya untk bs terus berkontribusi besar bagi daerah yg dipimpinnya. Lihat saja Tambak Udang di Kebumen kini jadi percontohan Nasional yg diresmikan Presiden Jokowi😍 #GANTARI 🇲🇨 .,3/10/2023
154,"ceriaselalu😍🇮🇩 on Twitter: ""Ini dolan ke sawah bukan sembarang dolan ...",https://twitter.com/siticeriaselalu/status/1634039250525253632,"Ini dolan ke sawah bukan sembarang dolan tapi ada makna makna tersirat disana, diantara canda tawa para pemimpin Beliau2 bakalan menjadikan Indonesia sbg lumbung pangan dunia Juga tersirat bhwa masih ada Ganjar setelah Jokowi #GANTARI🇮🇩 . 10 Mar 2023 03:51:30",3/10/2023
155,"bujang on Twitter: ""Seruan gotong royong kembali digaungkan oleh ...",https://twitter.com/BujangeGR/status/1634553717767946240,Seruan gotong royong kembali digaungkan oleh ratusan warga di Kabupaten Gowa dalam kegiatan kerja bakti dari Sahabat Ganjar. Kerja bakti kali ini berfokus membersihkan lingkungan pemakaman setempat. #GanjarPranowo #SahabatGanjar #GanjarPilihanRakyat #SulawesiSelatan,3/11/2023
156,SERUAN H7 on Twitter,https://twitter.com/seruanhl/status/1634382674151481346,"""Menteri BUMN Erick Thohir dinilai sebagai cawapres yang sangat fleksibel. Karena, berpotensi untuk diusung sebagai cawapres dari dua kandidat capres potensial, yakni Ganjar Pranowo dan Prabowo Subianto. Mantap Pak @erickthohir 👍👍 #BangkitBersamaET""",3/11/2023
157,"SAHABAT GANJAR OFFICIAL on Twitter: ""Kanker Payudara menjadi salah satu ...",https://twitter.com/IDSahabatGanjar/status/1634473579889967107,"Kanker Payudara menjadi salah satu penyakit dengan ribuan kasus kematian yang terjadi di Indonesia. Sahabat Ganjar pada kesempatan ini menggelar workshop pencegahan kanker payudara di Kabupaten Bone, Sulawesi Selatan. #GanjarPranowo #SahabatGanjar #GanjarPilihanRakyat . 11 Mar 2023 08:37:23",3/11/2023
158,"Chusnul ch💞timah on Twitter: ""Ganjar terus dpt dukungan dan doa tnp ...",https://twitter.com/ch_chotimah2/status/1634388099349516288,Ganjar terus dpt dukungan dan doa tnp harus menjelekkan bangsa sendiri dihdpn bangsa lain. Rakyat tau mana pemimpin bangsa dan mana pengkhianat bangsa(t).,3/11/2023
159,"Kabar Burung 45 🇮🇩 on Twitter: ""Pak Ganjar Pemimpin Cerdas dan Peduli ...",https://twitter.com/KabarBurung45/status/1634413355732533248,Pak Ganjar Pemimpin Cerdas dan Peduli Rakyat. sambo pembunuh baterai 5000mah bikin adem lihatnya eliezer irish bella umur 15 teh gelas jaksel siang,3/11/2023
160,"Suara Indonesia on Twitter: ""Pak Jokowi dan Pak Ganjar nih bos ! dua ...",https://twitter.com/Suara62/status/1634395003614285824,"""Pak Jokowi dan Pak Ganjar nih bos ! dua pemimpin terbaik Indonesia dan Jateng. Irish Bella Umur 15 JOHNNY SUH bikin adem lihatnya Teh Gelas Jaksel #Ganjar #ganjarpranowo #GanjarHebat #19years #TheGlory2 #수수행_도경수_안보면섭섭행 #ยิ้มทั้งน้ําตา #NCTDREAM_THEDREAMSHOW2_in_BKK""",3/11/2023
161,Hashim: Tak Mungkin Prabowo Jadi Cawapres Ganjar di Pilpres 2024 - Twitter,https://twitter.com/CNNIndonesia/status/1634875056261087235,Hashim: Tak Mungkin Prabowo Jadi Cawapres Ganjar di Pilpres 2024. 12 Mar 2023 11:12:42,3/12/2023
162,"Muhiqbal on Twitter: ""Ada 3 Capres di Pilpres 2024 Siapa Pilihan Anda ...",https://twitter.com/MuhiqR/status/1634849412253110272,Ada 3 Capres di Pilpres 2024 Siapa Pilihan Anda : 1. Prabowo Subianto 👉 Retweet 2. Ganjar Pranowo 👉 Like 3. ANIES BASWEDAN 👉 Kutip Tweet,3/12/2023
163,Relawan Prabowo-Ganjar Indonesia Bersatu (ProGib) untuk ... - Twitter,https://twitter.com/detikcom/status/1634820651117576198,Relawan Prabowo-Ganjar Indonesia Bersatu (ProGib) untuk Indonesia Berkelanjutan mendeklarasikan dukungan untuk duet Prabowo Subianto dan Ganjar Pranowo. 12 Mar 2023 07:36:31,3/12/2023
164,"Hensat: Lucu, Jokowi Mau Ganjar Capres tapi Enggak Punya Tiket - Twitter",https://twitter.com/geloraco/status/1634867296001986561,"Hensat: Lucu, Jokowi Mau Ganjar Capres tapi Enggak Punya Tiket. 12 Mar 2023 10:41:52",3/12/2023
165,"detikcom on Twitter: ""Elektabilitas Anies Baswedan unggul di atas ...",https://twitter.com/detikcom/status/1634768783628705798,Elektabilitas Anies Baswedan unggul di atas Prabowo Subianto dan hingga Ganjar versi survei Indonesia Political Opinion (IPO). NasDem tak jemawa. 12 Mar 2023 04:10:25,3/12/2023
166,"Bang #NalaR ®️ ☕ on Twitter: ""Yang pasti dia hanya bisa menang pakai ...",https://twitter.com/Paltiwest/status/1634904616596013056,Yang pasti dia hanya bisa menang pakai politik identitas.. Di pilpres kalau lawannya Puan pasti dia pakai identitas pemimpin di Islam itu perempuan.. Makanya dia pusing kalau lawannya Prabowo atau Ganjar.. 12 Mar 2023 13:10:10,3/12/2023
167,"Musni Umar on Twitter: ""Presiden Jokowi ajak Prabowo &amp; Ganjar panen ...",https://twitter.com/musniumar/status/1635219022966034434,Presiden Jokowi ajak Prabowo & Ganjar panen raya padi di Ngawi. ... PBB dekati PDIP. PDIP akan calonkan kadernya di Pilpres 2024. Nasib KIB bubar? PAN tunggu petunjuk Jokowi ... Klik You Tube Subscribe Tonton https:// youtu.be/erqK3-bu-Y0. youtube.com. ... sdh ngak ada kerjaan jd skrg kerjanya bolak balik kartu Capres (kebanyakan cuma asumsi ...,3/13/2023
168,"Brother Djon on Twitter: ""13 Maret 2023. Direktur IPO Dedi Kurnia Syah ...",https://twitter.com/brother_djon/status/1635408282096660480,"13 Maret 2023. Direktur IPO Dedi Kurnia Syah. Ekektabilitas Bakal Capres Anies Baswedan berada diurutan pertama. Anies mampu mengunguli Ganjar dan Prabowo. 1. Anies 34,7 % 2. Ganjar 29,6 % 3. Prabowo 26,7 % Naiknya elektabilitas Anies krn deklarasi oleh ke 3 partai pendukung . 13 Mar 2023 22:31:33",3/13/2023
169,"kumparan on Twitter: ""Ganjar Pranowo dianggap sebagai tokoh yang mampu ...",https://twitter.com/kumparan/status/1635120042076680201,"Ganjar Pranowo dianggap sebagai tokoh yang mampu mendorong kemajuan desa melalui kepengurusan Perkumpulan Pemerintah Desa Seluruh Indonesia (PAPDESI). 3:26 AM · Mar 13, 2023 1,911",3/13/2023
170,"Suara Indonesia on Twitter: ""Capaian luar biasa dari pemimpin yang luar ...",https://twitter.com/Suara62/status/1635093566941966337,"""Capaian luar biasa dari pemimpin yang luar biasa. Dimple Michelle Yeoh Merapi SURENE JAYA JAYA JAYA Ansor Pagiii ibnu riza wonwoo Perempuan Bangsa Jamie Lee Curtis #Ganjar #ganjarpranowo #GanjarHebat #NCTDREAM_THEDREAMSHOW2_in_BKK #TheGlory2 #DateMyFamily #BORNPINKinJKTday2""",3/13/2023
171,"Dila on Twitter: ""Yuk yg mau mudik GRATIS ""Mudikers GP"" bersama Sahabat ...",https://twitter.com/kudila_/status/1635126033719468034,"Yuk yg mau mudik GRATIS ""Mudikers GP"" bersama Sahabat Ganjar. Yg mau daftar disini ya: http://sahabatganjar.com/mudik2023 #MudikGratisBarengGanjar",3/13/2023
172,Dumdum on Twitter,https://twitter.com/yusuf_dumdum/status/1635171579528364033,"IPO lembaga survei apaan, bru dengar. Sdh trdftar di KPU dan Persepi ga? Pasti nggaklah. 🤣 Bikin lembaga IPO sndiri buat nyenengin bani kadrun doang 😂 😂 😂 Lucunya pndukng Anies. Ktika hsil survei klah, blg survei dibayar Ktika hsil survei Anies mnang, maka ramai2 memuji 🤣 🤣",3/13/2023
173,"🕊 on Twitter: ""Jangan sampai lewatkan moment lebaran bersama keluarga ...",https://twitter.com/fryuputrii/status/1635126020645982211,"Jangan sampai lewatkan moment lebaran bersama keluarga tercinta. Yuuk daftarkan diri kamu untuk ikutan ""Mudikers GP"" bersama Sahabat Ganjar. Karena ini terbatas ...",3/13/2023
174,"NitNot on Twitter: ""JOKOWI : SAYA SENANG CAPRES PDI PERJUANGAN DARI ...",https://twitter.com/Leonita_Lestari/status/1635257265736540166,"JOKOWI : SAYA SENANG CAPRES PDI PERJUANGAN DARI KADER SENDIRI . . . Kehadiran Jokowi, Prabowo dan Ganjar di Kebumen serta merta memantik harapan. Apa yang lama mereka tunggu seolah terjawab pada pertemuan ini. Tentu saja bagi mereka yang menunggu kemana arah telunjuk Jokowi. 13 Mar 2023 12:31:28",3/13/2023
175,"Opsi Duet Prabowo dan Ganjar di Pilpres 2024, PDIP: Selalu ... - Twitter",https://twitter.com/tvOneNews/status/1635537390243807232,"Opsi Duet Prabowo dan Ganjar di Pilpres 2024, PDIP: Selalu Ada Kemungkinan. 14 Mar 2023 07:04:35",3/14/2023
176,"kumparan on Twitter: ""Ketua Bappilu PDIP Bambang Wuryanto atau akrab ...",https://twitter.com/kumparan/status/1635479145336672262,"Ketua Bappilu PDIP Bambang Wuryanto atau akrab disapa Bambang Pacul mengungkap kans duet Ganjar Pranowo-Prabowo Subianto di Pilpres 2024. Katanya, kans itu selalu ada. #newsupdate #update #news #text 14 Mar 2023 03:13:08",3/14/2023
177,"Liputpedia99 on Twitter: ""Kondisi Ganjar pun serupa dengan Jokowi kala ...",https://twitter.com/liputpedia/status/1635462712254947329,Kondisi Ganjar pun serupa dengan Jokowi kala Pilpres lalu. Di mana Ganjar meraih elektabilitas lebih tinggi dari Prabowo Subianto di sejumlah survei saat ini. RIP Legend Bjorka perempuan bangsa #PecatSriMulyani . 14 Mar 2023 02:07:50,3/14/2023
178,"Indah Begitu Indah on Twitter: ""Faktanya Ganjar Pranowo yg Capresnya ...",https://twitter.com/TracyPedas/status/1635638515697344520,Faktanya Ganjar Pranowo yg Capresnya bukan sebaliknya ya gaess. Dukung Pak Ganjar Pranowo sbgai Capres terbaik di Pilpres 2024 mendatang ️ #GANTARI 🇮🇩 14 Mar 2023 13:46:25,3/14/2023
179,"KITA Dukung Pakde Jokowi sampai 2024💪 on Twitter: ""Dalam video ini bisa ...",https://twitter.com/Sherin_Tiara/status/1635487835167014912,"Dalam video ini bisa jadi inspirasi untk semua khususnya para Gubernur - Pemimpin Daerah lainnya untk tidak korupsi, bekerja dan melayani dgn hati yg tulus, jujur jg amanah. Salut untk Pak @ganjar_pranowo Bapak Pemimpin Panutan ️ #GANTARI🇲🇨 #ganjarpranowo #GantariUntukGanjar . 14 Mar 2023 03:47:40",3/14/2023
180,"tempo.co on Twitter: ""Silang Pendapat PDIP dan Gerindra Soal Duet ...",https://twitter.com/tempodotco/status/1635450188914638849,Silang Pendapat PDIP dan Gerindra Soal Duet Prabowo - Ganjar https://nasional.tempo.co/read/1702262/silang-pendapat-pdip-dan-gerindra-soal-duet-prabowo-ganjar?utm ...,3/14/2023
181,"@Ndheso_Mendunia IX🇮🇩 on Twitter: ""kampung sblm pilpres dimulai ...",https://twitter.com/IxNdheso/status/1635662112159674373,"""kampung sblm pilpres dimulai. Prabowo kuasai Jabar, Ganjar kuasai Jawa Tengah, Jawa Timur kemungkinan dikuasai Ganjar juga. Anies cuma dapat suara dari PKS dan bbrp wilayah kecil yg memang basis pembenci Jokowi. anis pasti kalah telak. Sebenarnya, duet ini agak mulai kelihatan.""",3/14/2023
182,Kompas.com on Twitter,https://twitter.com/kompascom/status/1635502765756612610,"Bupati Semarang Ngesti Nugraha dikatakan ""drama"" oleh Gubernur Jawa Tengah Ganjar Pranowo saat menyampaikan beberapa jalan provinsi di Kabupaten Semarang rusak parah. ... Likes. Andy Tjondro @AndyTjondro · 17h. Replying to . @kompascom. Baru ""bakal"" capres lohhhh sdh gini amat ? ... Bagus nih statements nya buat jadi pemimpin Indonesia ...",3/14/2023
183,"TOMOKO🍥| MIRAIE🍥| SONIA🍥| on Twitter: ""RT @gwabdeeeee: Duet Capres ...",https://twitter.com/Tomoko0333/status/1635678768139493378,"RT @gwabdeeeee: Duet Capres @ganjarpranowo dan Cawapres @erickthohir semakin potensial untuk diusung mendekati Pilpres 2024. Potensi ini juga tidak lepas dari status Erick Thohir yg merupakan warga NU menebalkan elektabilitas yg dimiliki capres, terutama di kalangan Nahdliyin #BangkitBersamaET . 14 Mar 2023 16:26:22",3/14/2023
184,"on Twitter: ""Di akhir masa jabatannya Ganjar dihadapkan kenyataan ...",https://twitter.com/ekowboy2/status/1635569295190282240,"Tak layak naik level jadi pemimpin nasional, buzzer auto mingkem!! 1:04. ... Ganjar hanya bisa dipuja-puji, ga bisa dikritisi. ... Mar 14. Replying to . @ekowboy2. 5. 3. 19. Kadrun Tiongkok @DedyPitopang · Mar 14. Replying to . @ekowboy2. Tak tahulah masa depan Indonesia klu punya presiden kek beginian. Ambyarrrr...",3/14/2023
185,"on Twitter: ""RT @ekowboy2: Di akhir masa jabatannya Ganjar dihadapkan ...",https://twitter.com/ekowboy2/status/1635609704432033792,"RT @ekowboy2: Di akhir masa jabatannya Ganjar dihadapkan kenyataan banjir dimana-mana & kerusakan jalan makin parah.. Tak layak naik level jadi pemimpin nasional, buzzer auto mingkem!! 14 Mar 2023 11:51:56",3/14/2023
186,infoseputarindo on Twitter,https://twitter.com/indoseputarinfo/status/1635974101658640384,"Jadi banyak bahan perbincangan nih soal duet Gubernur Jawa Tengah Ganjar Pranowo dan Ketum Partai Golkar Airlangga Hartarto bisa menjadi salah satu pasangan capres-cawapres potensial di Pilpres 2024. ... duet Ganjar-Airlangga bisa terwujud jika diusung Koalisi Indonesia Bersatu (KIB) bersama PDIP. Nah, menurut kalian pasangan Ganjar-Airlangga ...",3/15/2023
187,"BU LURAH Idaman Warga💅 on Twitter: ""Pasangan GAET (Ganjar & Erick ...",https://twitter.com/serakyut/status/1635793397117255680,"""Pasangan GAET (Ganjar &amp; Erick) Selalu Unggul😎 Pak @erickthohir menjadi pendamping terbaik Pak Ganjar di Pilpres, hal tsb tercermin dari hasil sejumlah survei. Pak Ganjar dinilai mampu mengalahkan para pesaingnya ketika berpasangan dengan Pak Erick Thohir. #BangkitBersamaET""",3/15/2023
188,"Sahabat Ganjar - Official on Twitter: ""Sambil duduk di sebuah kursi ...",https://twitter.com/sahabatganjar/status/1635921150864928774,"Sambil duduk di sebuah kursi plastik, Ganjar Pranowo menanyakan satu per satu warga yang ada di hadapannya, yang juga duduk di kursi plastik. #sahabatganjar #ganjarpranowo #ganjar . 15 Mar 2023 08:29:30",3/15/2023
189,"KITA Dukung Pakde Jokowi sampai 2024💪 on Twitter: ""Luar biasa all ...",https://twitter.com/Sherin_Tiara/status/1635924352230379521,"Luar biasa all, Elektabilitas Pak @ganjarpranowo terus meningkat dalam satu tahun terakhir ini. Bukti dukungan dan antusiasme masyarakat akan Kepimpinan Pak Ganjar Pranowo sangatlah tinggi. Tidak heran Pak Ganjar memiliki kinerja yg moncer dan treck record yg bersih. #GANTARI 🇮🇩 . 15 Mar 2023 08:42:14",3/15/2023
190,"Ni Andrawida on Twitter: ""Ganjar merupakan sosok pemimpin ideal yang ...",https://twitter.com/AndrawidaNi/status/1635913130357456896,"""Ganjar merupakan sosok pemimpin ideal yang sesuai dengan pancasila artinya selalu menjalin kesatuan dan persatuan bangsa #aespa Pempek Hambalang 전두환 손자 마시멜로 파이데이 대체공휴일 클튜 2.0 Assault 경상남도 田中秀和 中村航輔 反対デモ 少数意見 相席食堂 #サッカー日本代表""",3/15/2023
191,"Menurut hasil survei Litbang Kompas Januari 2023, potensi elektabilitas ...",https://twitter.com/kompascom/status/1636289986348851201,"Menurut hasil survei Litbang Kompas Januari 2023, potensi elektabilitas Ganjar mencapai 25,3-37 persen. 16 Mar 2023 08:55:08",3/16/2023
192,FH Ungkap Sosok Pemersatu Indonesia Setelah Jokowi Lengser ... - Twitter,https://twitter.com/keuangannews_id/status/1636506681084624897,"FH Ungkap Sosok Pemersatu Indonesia Setelah Jokowi Lengser: Bukan Ganjar, Apalagi Anies 16 Mar 2023 23:16:12 Keuangan News on Twitter: ""FH Ungkap Sosok Pemersatu Indonesia Setelah Jokowi Lengser: Bukan Ganjar, Apalagi Anies""",3/16/2023
193,"YONGHA on Twitter: ""Pak Ganjar, banyak blundernya. Kang Emil, juga. Pak ...",https://twitter.com/piokharisma/status/1636359115181293570,"Pak Ganjar, banyak blundernya. Kang Emil, juga. Pak Anies, ga jauh beda. Hanya tokoh sayap kiri yang cocok tampil sebagai pemimpin Indonesia. Sayangnya, ga orang kiri yg mau nekat. 16 Mar 2023 13:29:49",3/16/2023
194,"Promosikan Ganjar Capres di Sumsel, Relawan: Pemimpin RI 2024 ... - Twitter",https://twitter.com/VIVAcoid/status/1636467266190733312,"Promosikan Ganjar Capres di Sumsel, Relawan: Pemimpin RI 2024 Setelah Jokowi. 16 Mar 2023 20:39:35. Promosikan Ganjar Capres di Sumsel, Relawan: Pemimpin RI 2024 Setelah Jokowi. 16 Mar 2023 20:39:35 ...",3/16/2023
195,"Chusnul ch💞timah on Twitter: ""Kalo Ganjar - Erick Thohir, berarti ...",https://twitter.com/ch_chotimah2/status/1636559258442682368,"Kalo Ganjar - Erick Thohir, berarti pilpres 2019 terulang lg. Dan insyaAllah menang telak lagi. Elektabilitas di Atas Khofifah Hingga Cak Imin, Erick Thohir Cawapres Potensial NU.",3/17/2023
196,"Indah Begitu Indah on Twitter: ""Dibawah Kepemimpinan Pak Ganjar Pranowo ...",https://twitter.com/TracyPedas/status/1636675910157107200,"Dibawah Kepemimpinan Pak Ganjar Pranowo 35 Kabupaten/ Kota di Jawa Tengah raih Opini WTP dari BPK. Keren memang Pak Ganjar Pemimpin yg cerdas, jujur, amanah dan sosok panutan ️ #GANTARI 🇮🇩 17 Mar 2023 10:28:39",3/17/2023
197,"Chusnul ch💞timah on Twitter: ""Relawan Ganjar konsisten promosikan orang ...",https://twitter.com/ch_chotimah2/status/1636710275914280961,"Relawan Ganjar konsisten promosikan orang baik dgn cara yg baik.💞 Promosikan Ganjar Capres di Sumsel, Relawan: Pemimpin RI 2024 Setelah Jokowi. 17 Mar 2023 12:45:13",3/17/2023
198,"gigin praginanto on Twitter: ""Orang ini Sekjen PDIP merangkap corong ...",https://twitter.com/giginpraginanto/status/1636663751389880320,Sign up. See new Tweets,3/17/2023
199,"WIBISANA on Twitter: ""timbul ide .. next 2024 gk usah pemilu ...",https://twitter.com/NogoSosroAsli/status/1637032637448736768,timbul ide .. next 2024 gk usah pemilu .. kumpulin saja calon pemimpin indonesia. capres cawapres atau salah satu dr wakil kelompok.. jika org tsb berhasil mencabut .. dia lah pemimpin Nusantara . hemat biaya pemilu toh ..🙂🙂👍 . 18 Mar 2023 10:06:10,3/18/2023
200,Ganjar Pranowo on Twitter,https://twitter.com/ganjarpranowo/status/1637240434207649793,"Ganjar Pranowo. @ganjarpranowo. Banyak sekali pelajaran filosofis yang diajarkan Sunan Drajat. Di antaranya Menehana teken marang wong kang wuto, menehana mangan marang wong kang luwe, menehana busana marang wong kang wudo, menehana ngiyup marang wong kang kudapan. ... Asal melihat Pak Ganjar hati ademm. Panjenengan niku kados mase kulo Pak. 2 ...",3/18/2023
201,"KITA Dukung Pakde Jokowi sampai 2024💪 on Twitter: ""Dimana saja Pak ...",https://twitter.com/Sherin_Tiara/status/1637092682475642881,"Dimana saja Pak Ganjar Pranowo berada masyarakat pasti berebut minta Selfie dan berjabat tangan. Pemimpin yg dicintai masyarakat ya sprti ini lho, murni tanpa dibuat2 dan direkayasa kaya sebelah 😆 Btw ini video saat Pak Ganjar berziarah ke Makam Wali Songo😍 #GANTARI .",3/18/2023
202,"Dina Suari on Twitter: ""RT @DinaSuari3: Pak Ganjar pemimpin cerdas dan ...",https://twitter.com/DinaSuari3/status/1637012102325092352,"""RT @DinaSuari3: Pak Ganjar pemimpin cerdas dan melek Teknologi. kiky pecat nakes boti bencong bpjs daddies ramadhan jinni bawaslu sore 韓国…""",3/18/2023
203,GP24P on Twitter,https://twitter.com/KakekHalal/status/1642122637672615939,"""Sekjen @PDI_Perjuangan Hasto Kristiyanto membela kadernya, Gubernur Jateng Ganjar Pranowo &amp; Gubernur Bali I Wayan Koster yang menolak timnas Israel berlaga di Piala Dunia U-20 di Indonesia. Menurut Hasto, penolakan Ganjar &amp; Koster justru menunjukkan sikap kokoh seorang pemimpin.""",4/1/2023
204,"PanditFootball.com on Twitter: ""Serangan balik netizen. Kolom komentar ...",https://twitter.com/panditfootball/status/1642126802389995520,"Serangan balik netizen. Kolom komentar Gubernur Jawa Tengah, Ganjar Pranowo, dibanjiri netizen yang merasa kecewa atas pencopotan Indonesia sebagai tuan rumah Piala Dunia U-20 2023. 01 Apr 2023 11:28:33",4/1/2023
205,"Aldy Fatih on Twitter: ""@MunirForRI1 @Hari_shevchenko @Bolalob Ganjar ...",https://twitter.com/aldyfatih1/status/1642187517167550465,"Ganjar , Koster PDIP kadrun? Wkwk. 3:29 PM · Apr 1, 2023 ... Mohammed Rashid, mengenakan jersey timnas Indonesia saat mengangkat trofi juara Yasser Arafat Cup 2023. Hal ini dilakukan sebagai bentuk apresiasi nya kepada masyarakat Indonesia yang menurutnya luar biasa. 135. 635. 6,276. Hari",4/1/2023
206,Winda_Handayanie on Twitter,https://twitter.com/HandayanieWinda/status/1643248128546734086,"""@ivan_flow69 @MataNajwa @ganjarpranowo pak ganjar hanya menjalankan apa yang seharusnya dijalankan sebagai seorang pemimpin daerah. semangat terus pak Ganjar.. saya ttp percaya anda bisa jadi yang terbaik untuk negara ini""",4/1/2023
207,"membangunnegri62 on Twitter: ""Benar-benar sosok pemimpin idaman rakyat ...",https://twitter.com/membangunnegri1/status/1641984035516993536,"""Benar-benar sosok pemimpin idaman rakyat. April Mop Inisial R jokowi resmikan kek lido Koster Selamat PSM U-20 Maret Amanda #Ganjar #ganjarpranowo #GanjarHebat #Bantuan #เอ๋ชนม์สวัสดิ์ #KamiSudahBerkorban #thankyouPikamee #IPL2023OpeningCeremony #letsdance""",4/1/2023
208,"Winda_Handayanie on Twitter: ""@marpaung913 @MataNajwa pak ganjar hanya ...",https://twitter.com/HandayanieWinda/status/1643248738864074753,"""@marpaung913 @MataNajwa pak ganjar hanya menjalankan apa yang seharusnya dijalankan sebagai seorang pemimpin daerah. semangat terus pak Ganjar.. saya ttp percaya anda bisa jadi yang terbaik untuk negara ini""",4/1/2023
